0 verbose cli /data/data/com.termux/files/usr/bin/node /data/data/com.termux/files/usr/lib/node_modules/npm/bin/npm-cli.js
1 info using npm@11.20.0
2 info using node@v26.4.0
3 silly config load:file:/data/data/com.termux/files/usr/lib/node_modules/npm/npmrc
4 silly config load:file:/data/data/com.termux/files/home/.npmrc
5 silly config load:file:/data/data/com.termux/files/usr/etc/npmrc
6 verbose title npm exec vercel
7 verbose argv "exec" "--" "vercel"
8 verbose logfile logs-max:10 dir:/data/data/com.termux/files/home/.npm/_logs/2026-09-28T11_07_36_216Z-
9 verbose logfile /data/data/com.termux/files/home/.npm/_logs/2026-09-28T11_07_36_216Z-debug-0.log
10 silly logfile done cleaning log files
11 silly packumentCache heap:2248146944 maxSize:562036736 maxEntrySize:281018368
12 http fetch GET 200 https://registry.npmjs.org/vercel 398ms (cache miss)
13 silly packumentCache heap:2248146944 maxSize:562036736 maxEntrySize:281018368
14 silly packumentCache heap:2248146944 maxSize:562036736 maxEntrySize:281018368
15 silly idealTree buildDeps
16 silly fetch manifest vercel@60.1.3
17 silly packumentCache full:https://registry.npmjs.org/vercel cache-miss
18 http fetch GET 200 https://registry.npmjs.org/vercel 225ms (cache miss)
19 silly packumentCache full:https://registry.npmjs.org/vercel set size:undefined disposed:false
20 silly placeDep ROOT vercel@60.1.3 OK for:  want: 60.1.3
21 silly fetch manifest zod@4.1.11
22 silly packumentCache full:https://registry.npmjs.org/zod cache-miss
23 silly fetch manifest jose@5.9.6
24 silly packumentCache full:https://registry.npmjs.org/jose cache-miss
25 silly fetch manifest uuid@14.0.1
26 silly packumentCache full:https://registry.npmjs.org/uuid cache-miss
27 silly fetch manifest luxon@^3.4.0
28 silly packumentCache full:https://registry.npmjs.org/luxon cache-miss
29 silly fetch manifest undici@5.29.0
30 silly packumentCache full:https://registry.npmjs.org/undici cache-miss
31 silly fetch manifest esbuild@0.27.0
32 silly packumentCache full:https://registry.npmjs.org/esbuild cache-miss
33 silly fetch manifest sandbox@4.1.0
34 silly packumentCache full:https://registry.npmjs.org/sandbox cache-miss
35 http fetch GET 200 https://registry.npmjs.org/uuid 173ms (cache miss)
36 silly packumentCache full:https://registry.npmjs.org/uuid set size:undefined disposed:false
37 silly fetch manifest chokidar@4.0.0
38 silly packumentCache full:https://registry.npmjs.org/chokidar cache-miss
39 http fetch GET 200 https://registry.npmjs.org/luxon 234ms (cache miss)
40 silly packumentCache full:https://registry.npmjs.org/luxon set size:undefined disposed:false
41 silly fetch manifest smol-toml@1.5.2
42 silly packumentCache full:https://registry.npmjs.org/smol-toml cache-miss
43 http fetch GET 200 https://registry.npmjs.org/sandbox 253ms (cache miss)
44 silly packumentCache full:https://registry.npmjs.org/sandbox set size:undefined disposed:false
45 silly fetch manifest @vercel/go@14.0.1
46 silly packumentCache full:https://registry.npmjs.org/@vercel%2fgo cache-miss
47 http fetch GET 200 https://registry.npmjs.org/zod 265ms (cache miss)
48 silly packumentCache full:https://registry.npmjs.org/zod set size:undefined disposed:false
49 silly fetch manifest @vercel/h3@11.0.1
50 silly packumentCache full:https://registry.npmjs.org/@vercel%2fh3 cache-miss
51 http fetch GET 200 https://registry.npmjs.org/smol-toml 76ms (cache miss)
52 silly packumentCache full:https://registry.npmjs.org/smol-toml set size:undefined disposed:false
53 silly fetch manifest @vercel/fun@1.3.0
54 silly packumentCache full:https://registry.npmjs.org/@vercel%2ffun cache-miss
55 http fetch GET 200 https://registry.npmjs.org/jose 327ms (cache miss)
56 silly packumentCache full:https://registry.npmjs.org/jose set size:undefined disposed:false
57 silly fetch manifest @vercel/koa@11.0.1
58 silly packumentCache full:https://registry.npmjs.org/@vercel%2fkoa cache-miss
59 http fetch GET 200 https://registry.npmjs.org/chokidar 159ms (cache miss)
60 silly packumentCache full:https://registry.npmjs.org/chokidar set size:undefined disposed:false
61 silly fetch manifest @vercel/blob@2.8.0
62 silly packumentCache full:https://registry.npmjs.org/@vercel%2fblob cache-miss
63 http fetch GET 200 https://registry.npmjs.org/undici 360ms (cache miss)
64 silly packumentCache full:https://registry.npmjs.org/undici set size:undefined disposed:false
65 silly fetch manifest @vercel/hono@11.0.1
66 silly packumentCache full:https://registry.npmjs.org/@vercel%2fhono cache-miss
67 http fetch GET 200 https://registry.npmjs.org/esbuild 380ms (cache miss)
68 silly packumentCache full:https://registry.npmjs.org/esbuild set size:undefined disposed:false
69 silly fetch manifest @vercel/next@15.0.1
70 silly packumentCache full:https://registry.npmjs.org/@vercel%2fnext cache-miss
71 http fetch GET 200 https://registry.npmjs.org/@vercel%2fh3 91ms (cache miss)
72 silly packumentCache full:https://registry.npmjs.org/@vercel%2fh3 set size:undefined disposed:false
73 silly fetch manifest @vercel/node@16.0.1
74 silly packumentCache full:https://registry.npmjs.org/@vercel%2fnode cache-miss
75 http fetch GET 200 https://registry.npmjs.org/@vercel%2ffun 88ms (cache miss)
76 silly packumentCache full:https://registry.npmjs.org/@vercel%2ffun set size:undefined disposed:false
77 silly fetch manifest @vercel/ruby@13.0.1
78 silly packumentCache full:https://registry.npmjs.org/@vercel%2fruby cache-miss
79 http fetch GET 200 https://registry.npmjs.org/@vercel%2fgo 163ms (cache miss)
80 silly packumentCache full:https://registry.npmjs.org/@vercel%2fgo set size:undefined disposed:false
81 silly fetch manifest @vercel/rust@12.0.1
82 silly packumentCache full:https://registry.npmjs.org/@vercel%2frust cache-miss
83 http fetch GET 200 https://registry.npmjs.org/@vercel%2fkoa 113ms (cache miss)
84 silly packumentCache full:https://registry.npmjs.org/@vercel%2fkoa set size:undefined disposed:false
85 silly fetch manifest jsonc-parser@3.3.1
86 silly packumentCache full:https://registry.npmjs.org/jsonc-parser cache-miss
87 http fetch GET 200 https://registry.npmjs.org/@vercel%2fhono 102ms (cache miss)
88 silly packumentCache full:https://registry.npmjs.org/@vercel%2fhono set size:undefined disposed:false
89 silly fetch manifest @vercel/elysia@11.0.1
90 silly packumentCache full:https://registry.npmjs.org/@vercel%2felysia cache-miss
91 http fetch GET 200 https://registry.npmjs.org/@vercel%2fblob 133ms (cache miss)
92 silly packumentCache full:https://registry.npmjs.org/@vercel%2fblob set size:undefined disposed:false
93 silly fetch manifest @vercel/nestjs@11.0.1
94 silly packumentCache full:https://registry.npmjs.org/@vercel%2fnestjs cache-miss
95 http fetch GET 200 https://registry.npmjs.org/jsonc-parser 48ms (cache miss)
96 silly packumentCache full:https://registry.npmjs.org/jsonc-parser set size:undefined disposed:false
97 silly fetch manifest @vercel/python@17.0.1
98 silly packumentCache full:https://registry.npmjs.org/@vercel%2fpython cache-miss
99 http fetch GET 200 https://registry.npmjs.org/@vercel%2fnext 143ms (cache miss)
100 silly packumentCache full:https://registry.npmjs.org/@vercel%2fnext set size:undefined disposed:false
101 silly fetch manifest @vercel/express@11.0.1
102 silly packumentCache full:https://registry.npmjs.org/@vercel%2fexpress cache-miss
103 http fetch GET 200 https://registry.npmjs.org/@vercel%2fnode 162ms (cache miss)
104 silly packumentCache full:https://registry.npmjs.org/@vercel%2fnode set size:undefined disposed:false
105 silly fetch manifest @vercel/fastify@11.0.1
106 silly packumentCache full:https://registry.npmjs.org/@vercel%2ffastify cache-miss
107 http fetch GET 200 https://registry.npmjs.org/@vercel%2fruby 184ms (cache miss)
108 silly packumentCache full:https://registry.npmjs.org/@vercel%2fruby set size:undefined disposed:false
109 silly fetch manifest @vercel/redwood@13.0.1
110 silly packumentCache full:https://registry.npmjs.org/@vercel%2fredwood cache-miss
111 http fetch GET 200 https://registry.npmjs.org/@vercel%2frust 180ms (cache miss)
112 silly packumentCache full:https://registry.npmjs.org/@vercel%2frust set size:undefined disposed:false
113 silly fetch manifest @vercel/backends@11.0.1
114 silly packumentCache full:https://registry.npmjs.org/@vercel%2fbackends cache-miss
115 http fetch GET 200 https://registry.npmjs.org/@vercel%2felysia 139ms (cache miss)
116 silly packumentCache full:https://registry.npmjs.org/@vercel%2felysia set size:undefined disposed:false
117 silly fetch manifest @vercel/cli-auth@0.3.9
118 silly packumentCache full:https://registry.npmjs.org/@vercel%2fcli-auth cache-miss
119 http fetch GET 200 https://registry.npmjs.org/@vercel%2fexpress 75ms (cache miss)
120 silly packumentCache full:https://registry.npmjs.org/@vercel%2fexpress set size:undefined disposed:false
121 silly fetch manifest @vercel/hydrogen@12.0.1
122 silly packumentCache full:https://registry.npmjs.org/@vercel%2fhydrogen cache-miss
123 http fetch GET 200 https://registry.npmjs.org/@vercel%2fnestjs 142ms (cache miss)
124 silly packumentCache full:https://registry.npmjs.org/@vercel%2fnestjs set size:undefined disposed:false
125 silly fetch manifest @vercel/container@11.0.1
126 silly packumentCache full:https://registry.npmjs.org/@vercel%2fcontainer cache-miss
127 http fetch GET 200 https://registry.npmjs.org/@vercel%2fpython 136ms (cache miss)
128 silly packumentCache full:https://registry.npmjs.org/@vercel%2fpython set size:undefined disposed:false
129 silly fetch manifest @vercel/cli-config@0.3.0
130 silly packumentCache full:https://registry.npmjs.org/@vercel%2fcli-config cache-miss
131 http fetch GET 200 https://registry.npmjs.org/@vercel%2fcli-auth 104ms (cache miss)
132 silly packumentCache full:https://registry.npmjs.org/@vercel%2fcli-auth set size:undefined disposed:false
133 silly fetch manifest @vercel/build-utils@14.13.1
134 silly packumentCache full:https://registry.npmjs.org/@vercel%2fbuild-utils cache-miss
135 http fetch GET 200 https://registry.npmjs.org/@vercel%2fcontainer 108ms (cache miss)
136 silly packumentCache full:https://registry.npmjs.org/@vercel%2fcontainer set size:undefined disposed:false
137 silly fetch manifest @vercel/detect-agent@1.2.5
138 silly packumentCache full:https://registry.npmjs.org/@vercel%2fdetect-agent cache-miss
139 http fetch GET 200 https://registry.npmjs.org/@vercel%2fcli-config 94ms (cache miss)
140 silly packumentCache full:https://registry.npmjs.org/@vercel%2fcli-config set size:undefined disposed:false
141 silly fetch manifest @vercel/static-build@13.0.1
142 silly packumentCache full:https://registry.npmjs.org/@vercel%2fstatic-build cache-miss
143 http fetch GET 200 https://registry.npmjs.org/@vercel%2fhydrogen 138ms (cache miss)
144 silly packumentCache full:https://registry.npmjs.org/@vercel%2fhydrogen set size:undefined disposed:false
145 silly fetch manifest @vercel/remix-builder@16.0.1
146 silly packumentCache full:https://registry.npmjs.org/@vercel%2fremix-builder cache-miss
147 http fetch GET 200 https://registry.npmjs.org/@vercel%2fbackends 177ms (cache miss)
148 silly packumentCache full:https://registry.npmjs.org/@vercel%2fbackends set size:undefined disposed:false
149 silly fetch manifest @vercel/python-analysis@0.14.0
150 silly packumentCache full:https://registry.npmjs.org/@vercel%2fpython-analysis cache-miss
151 http fetch GET 200 https://registry.npmjs.org/@vercel%2fredwood 220ms (cache miss)
152 silly packumentCache full:https://registry.npmjs.org/@vercel%2fredwood set size:undefined disposed:false
153 silly fetch manifest @vercel/prepare-flags-definitions@0.3.0
154 silly packumentCache full:https://registry.npmjs.org/@vercel%2fprepare-flags-definitions cache-miss
155 http fetch GET 200 https://registry.npmjs.org/@vercel%2fdetect-agent 128ms (cache miss)
156 silly packumentCache full:https://registry.npmjs.org/@vercel%2fdetect-agent set size:undefined disposed:false
157 silly fetch manifest @vercel/vc-native-linux-x64@60.1.3
158 silly packumentCache full:https://registry.npmjs.org/@vercel%2fvc-native-linux-x64 cache-miss
159 http fetch GET 200 https://registry.npmjs.org/@vercel%2fremix-builder 103ms (cache miss)
160 silly packumentCache full:https://registry.npmjs.org/@vercel%2fremix-builder set size:undefined disposed:false
161 silly fetch manifest @vercel/vc-native-win32-x64@60.1.3
162 silly packumentCache full:https://registry.npmjs.org/@vercel%2fvc-native-win32-x64 cache-miss
163 http fetch GET 200 https://registry.npmjs.org/@vercel%2ffastify 315ms (cache miss)
164 silly packumentCache full:https://registry.npmjs.org/@vercel%2ffastify set size:undefined disposed:false
165 silly fetch manifest @vercel/vc-native-darwin-x64@60.1.3
166 silly packumentCache full:https://registry.npmjs.org/@vercel%2fvc-native-darwin-x64 cache-miss
167 http fetch GET 200 https://registry.npmjs.org/@vercel%2fbuild-utils 179ms (cache miss)
168 silly packumentCache full:https://registry.npmjs.org/@vercel%2fbuild-utils set size:undefined disposed:false
169 silly fetch manifest @vercel/vc-native-linux-arm64@60.1.3
170 silly packumentCache full:https://registry.npmjs.org/@vercel%2fvc-native-linux-arm64 cache-miss
171 http fetch GET 200 https://registry.npmjs.org/@vercel%2fpython-analysis 124ms (cache miss)
172 silly packumentCache full:https://registry.npmjs.org/@vercel%2fpython-analysis set size:undefined disposed:false
173 silly fetch manifest @vercel/vc-native-win32-arm64@60.1.3
174 silly packumentCache full:https://registry.npmjs.org/@vercel%2fvc-native-win32-arm64 cache-miss
175 http fetch GET 200 https://registry.npmjs.org/@vercel%2fprepare-flags-definitions 85ms (cache miss)
176 silly packumentCache full:https://registry.npmjs.org/@vercel%2fprepare-flags-definitions set size:undefined disposed:false
177 silly fetch manifest @vercel/vc-native-darwin-arm64@60.1.3
178 silly packumentCache full:https://registry.npmjs.org/@vercel%2fvc-native-darwin-arm64 cache-miss
179 http fetch GET 200 https://registry.npmjs.org/@vercel%2fvc-native-linux-x64 65ms (cache miss)
180 silly packumentCache full:https://registry.npmjs.org/@vercel%2fvc-native-linux-x64 set size:undefined disposed:false
181 http fetch GET 200 https://registry.npmjs.org/@vercel%2fvc-native-win32-x64 75ms (cache miss)
182 silly packumentCache full:https://registry.npmjs.org/@vercel%2fvc-native-win32-x64 set size:undefined disposed:false
183 http fetch GET 200 https://registry.npmjs.org/@vercel%2fvc-native-darwin-x64 71ms (cache miss)
184 silly packumentCache full:https://registry.npmjs.org/@vercel%2fvc-native-darwin-x64 set size:undefined disposed:false
185 http fetch GET 200 https://registry.npmjs.org/@vercel%2fvc-native-darwin-arm64 75ms (cache miss)
186 silly packumentCache full:https://registry.npmjs.org/@vercel%2fvc-native-darwin-arm64 set size:undefined disposed:false
187 http fetch GET 200 https://registry.npmjs.org/@vercel%2fvc-native-linux-arm64 89ms (cache miss)
188 silly packumentCache full:https://registry.npmjs.org/@vercel%2fvc-native-linux-arm64 set size:undefined disposed:false
189 http fetch GET 200 https://registry.npmjs.org/@vercel%2fvc-native-win32-arm64 111ms (cache miss)
190 silly packumentCache full:https://registry.npmjs.org/@vercel%2fvc-native-win32-arm64 set size:undefined disposed:false
191 http fetch GET 200 https://registry.npmjs.org/@vercel%2fstatic-build 297ms (cache miss)
192 silly packumentCache full:https://registry.npmjs.org/@vercel%2fstatic-build set size:undefined disposed:false
193 silly placeDep ROOT @vercel/backends@11.0.1 OK for: vercel@60.1.3 want: 11.0.1
194 silly placeDep ROOT @vercel/build-utils@14.13.1 OK for: @vercel/backends@11.0.1 want: 14.13.1
195 silly placeDep ROOT @vercel/blob@2.8.0 OK for: vercel@60.1.3 want: 2.8.0
196 silly placeDep ROOT @vercel/cli-auth@0.3.9 OK for: vercel@60.1.3 want: 0.3.9
197 silly placeDep ROOT @vercel/cli-config@0.3.0 OK for: vercel@60.1.3 want: 0.3.0
198 silly placeDep ROOT @vercel/container@11.0.1 OK for: vercel@60.1.3 want: 11.0.1
199 silly placeDep ROOT @vercel/detect-agent@1.2.5 OK for: vercel@60.1.3 want: 1.2.5
200 silly placeDep ROOT @vercel/elysia@11.0.1 OK for: vercel@60.1.3 want: 11.0.1
201 silly placeDep ROOT @vercel/express@11.0.1 OK for: vercel@60.1.3 want: 11.0.1
202 silly placeDep ROOT @vercel/fastify@11.0.1 OK for: vercel@60.1.3 want: 11.0.1
203 silly placeDep ROOT @vercel/fun@1.3.0 OK for: vercel@60.1.3 want: 1.3.0
204 silly placeDep ROOT @vercel/go@14.0.1 OK for: vercel@60.1.3 want: 14.0.1
205 silly placeDep ROOT @vercel/h3@11.0.1 OK for: vercel@60.1.3 want: 11.0.1
206 silly placeDep ROOT @vercel/hono@11.0.1 OK for: vercel@60.1.3 want: 11.0.1
207 silly placeDep ROOT @vercel/hydrogen@12.0.1 OK for: vercel@60.1.3 want: 12.0.1
208 silly placeDep ROOT @vercel/koa@11.0.1 OK for: vercel@60.1.3 want: 11.0.1
209 silly placeDep ROOT @vercel/nestjs@11.0.1 OK for: vercel@60.1.3 want: 11.0.1
210 silly placeDep ROOT @vercel/next@15.0.1 OK for: vercel@60.1.3 want: 15.0.1
211 silly placeDep ROOT @vercel/node@16.0.1 OK for: vercel@60.1.3 want: 16.0.1
212 silly placeDep ROOT @vercel/prepare-flags-definitions@0.3.0 OK for: vercel@60.1.3 want: 0.3.0
213 silly placeDep ROOT @vercel/python@17.0.1 OK for: vercel@60.1.3 want: 17.0.1
214 silly placeDep ROOT @vercel/python-analysis@0.14.0 OK for: vercel@60.1.3 want: 0.14.0
215 silly placeDep ROOT @vercel/redwood@13.0.1 OK for: vercel@60.1.3 want: 13.0.1
216 silly placeDep ROOT @vercel/remix-builder@16.0.1 OK for: vercel@60.1.3 want: 16.0.1
217 silly placeDep ROOT @vercel/ruby@13.0.1 OK for: vercel@60.1.3 want: 13.0.1
218 silly placeDep ROOT @vercel/rust@12.0.1 OK for: vercel@60.1.3 want: 12.0.1
219 silly placeDep ROOT @vercel/static-build@13.0.1 OK for: vercel@60.1.3 want: 13.0.1
220 silly placeDep ROOT @vercel/vc-native-darwin-arm64@60.1.3 OK for: vercel@60.1.3 want: 60.1.3
221 silly placeDep ROOT @vercel/vc-native-darwin-x64@60.1.3 OK for: vercel@60.1.3 want: 60.1.3
222 silly placeDep ROOT @vercel/vc-native-linux-arm64@60.1.3 OK for: vercel@60.1.3 want: 60.1.3
223 silly placeDep ROOT @vercel/vc-native-linux-x64@60.1.3 OK for: vercel@60.1.3 want: 60.1.3
224 silly placeDep ROOT @vercel/vc-native-win32-arm64@60.1.3 OK for: vercel@60.1.3 want: 60.1.3
225 silly placeDep ROOT @vercel/vc-native-win32-x64@60.1.3 OK for: vercel@60.1.3 want: 60.1.3
226 silly placeDep ROOT chokidar@4.0.0 OK for: vercel@60.1.3 want: 4.0.0
227 silly placeDep ROOT esbuild@0.27.0 OK for: vercel@60.1.3 want: 0.27.0
228 silly placeDep ROOT jose@5.9.6 OK for: vercel@60.1.3 want: 5.9.6
229 silly placeDep ROOT jsonc-parser@3.3.1 OK for: vercel@60.1.3 want: 3.3.1
230 silly placeDep ROOT luxon@3.7.2 OK for: vercel@60.1.3 want: ^3.4.0
231 silly placeDep ROOT sandbox@4.1.0 OK for: vercel@60.1.3 want: 4.1.0
232 silly placeDep ROOT smol-toml@1.5.2 OK for: vercel@60.1.3 want: 1.5.2
233 silly placeDep ROOT undici@5.29.0 OK for: vercel@60.1.3 want: 5.29.0
234 silly placeDep ROOT uuid@14.0.1 OK for: vercel@60.1.3 want: 14.0.1
235 silly placeDep ROOT zod@4.1.11 OK for: vercel@60.1.3 want: 4.1.11
236 silly fetch manifest tsx@4.21.0
237 silly packumentCache full:https://registry.npmjs.org/tsx cache-miss
238 silly fetch manifest zod@3.22.4
239 silly packumentCache full:https://registry.npmjs.org/zod cache-miss
240 silly fetch manifest srvx@0.11.16
241 silly packumentCache full:https://registry.npmjs.org/srvx cache-miss
242 silly fetch manifest execa@3.2.0
243 silly packumentCache full:https://registry.npmjs.org/execa cache-miss
244 silly fetch manifest fs-extra@11.1.0
245 silly packumentCache full:https://registry.npmjs.org/fs-extra cache-miss
246 silly fetch manifest get-port@5.1.1
247 silly packumentCache full:https://registry.npmjs.org/get-port cache-miss
248 silly fetch manifest rolldown@1.0.0-rc.1
249 silly packumentCache full:https://registry.npmjs.org/rolldown cache-miss
250 http cache https://registry.npmjs.org/zod 20ms (cache hit)
251 silly packumentCache full:https://registry.npmjs.org/zod set size:4166672 disposed:false
252 silly fetch manifest ts-morph@12.0.0
253 silly packumentCache full:https://registry.npmjs.org/ts-morph cache-miss
254 http fetch GET 200 https://registry.npmjs.org/get-port 65ms (cache miss)
255 silly packumentCache full:https://registry.npmjs.org/get-port set size:undefined disposed:false
256 silly fetch manifest @vercel/nft@1.10.0
257 silly packumentCache full:https://registry.npmjs.org/@vercel%2fnft cache-miss
258 http fetch GET 200 https://registry.npmjs.org/tsx 71ms (cache miss)
259 silly packumentCache full:https://registry.npmjs.org/tsx set size:undefined disposed:false
260 silly fetch manifest oxc-transform@0.111.0
261 silly packumentCache full:https://registry.npmjs.org/oxc-transform cache-miss
262 http fetch GET 200 https://registry.npmjs.org/execa 79ms (cache miss)
263 silly packumentCache full:https://registry.npmjs.org/execa set size:undefined disposed:false
264 silly fetch manifest path-to-regexp@8.3.0
265 silly packumentCache full:https://registry.npmjs.org/path-to-regexp cache-miss
266 http fetch GET 200 https://registry.npmjs.org/srvx 84ms (cache miss)
267 silly packumentCache full:https://registry.npmjs.org/srvx set size:undefined disposed:false
268 silly fetch manifest resolve.exports@2.0.3
269 silly packumentCache full:https://registry.npmjs.org/resolve.exports cache-miss
270 http fetch GET 200 https://registry.npmjs.org/fs-extra 94ms (cache miss)
271 silly packumentCache full:https://registry.npmjs.org/fs-extra set size:undefined disposed:false
272 silly fetch manifest @vercel/static-config@3.4.3
273 silly packumentCache full:https://registry.npmjs.org/@vercel%2fstatic-config cache-miss
274 http fetch GET 200 https://registry.npmjs.org/ts-morph 85ms (cache miss)
275 silly packumentCache full:https://registry.npmjs.org/ts-morph set size:undefined disposed:false
276 silly fetch manifest es-module-lexer@1.5.0
277 silly packumentCache full:https://registry.npmjs.org/es-module-lexer cache-miss
278 http fetch GET 200 https://registry.npmjs.org/@vercel%2fnft 84ms (cache miss)
279 silly packumentCache full:https://registry.npmjs.org/@vercel%2fnft set size:undefined disposed:false
280 silly fetch manifest cjs-module-lexer@1.2.3
281 silly packumentCache full:https://registry.npmjs.org/cjs-module-lexer cache-miss
282 http fetch GET 200 https://registry.npmjs.org/path-to-regexp 81ms (cache revalidated)
283 silly packumentCache full:https://registry.npmjs.org/path-to-regexp set size:216334 disposed:false
284 silly fetch manifest undici@^6.23.0
285 silly packumentCache full:https://registry.npmjs.org/undici cache-miss
286 http fetch GET 200 https://registry.npmjs.org/resolve.exports 84ms (cache miss)
287 silly packumentCache full:https://registry.npmjs.org/resolve.exports set size:undefined disposed:false
288 silly fetch manifest is-buffer@^2.0.5
289 silly packumentCache full:https://registry.npmjs.org/is-buffer cache-miss
290 http fetch GET 200 https://registry.npmjs.org/oxc-transform 100ms (cache miss)
291 silly packumentCache full:https://registry.npmjs.org/oxc-transform set size:undefined disposed:false
292 silly fetch manifest throttleit@^2.1.0
293 silly packumentCache full:https://registry.npmjs.org/throttleit cache-miss
294 http cache https://registry.npmjs.org/undici 15ms (cache hit)
295 silly packumentCache full:https://registry.npmjs.org/undici set size:1558776 disposed:false
296 silly fetch manifest async-retry@^1.3.3
297 silly packumentCache full:https://registry.npmjs.org/async-retry cache-miss
298 http fetch GET 200 https://registry.npmjs.org/@vercel%2fstatic-config 102ms (cache miss)
299 silly packumentCache full:https://registry.npmjs.org/@vercel%2fstatic-config set size:undefined disposed:false
300 silly fetch manifest @vercel/oidc@^3.6.1
301 silly packumentCache full:https://registry.npmjs.org/@vercel%2foidc cache-miss
302 http fetch GET 200 https://registry.npmjs.org/rolldown 210ms (cache miss)
303 silly packumentCache full:https://registry.npmjs.org/rolldown set size:undefined disposed:false
304 silly fetch manifest is-node-process@^1.2.0
305 silly packumentCache full:https://registry.npmjs.org/is-node-process cache-miss
306 http fetch GET 200 https://registry.npmjs.org/is-buffer 80ms (cache miss)
307 silly packumentCache full:https://registry.npmjs.org/is-buffer set size:undefined disposed:false
308 silly fetch manifest open@8.4.0
309 silly packumentCache full:https://registry.npmjs.org/open cache-miss
310 http fetch GET 200 https://registry.npmjs.org/cjs-module-lexer 94ms (cache miss)
311 silly packumentCache full:https://registry.npmjs.org/cjs-module-lexer set size:undefined disposed:false
312 silly fetch manifest async-listen@3.0.0
313 silly packumentCache full:https://registry.npmjs.org/async-listen cache-miss
314 http fetch GET 200 https://registry.npmjs.org/es-module-lexer 109ms (cache miss)
315 silly packumentCache full:https://registry.npmjs.org/es-module-lexer set size:undefined disposed:false
316 silly fetch manifest @napi-rs/keyring@1.2.0
317 silly packumentCache full:https://registry.npmjs.org/@napi-rs%2fkeyring cache-miss
318 http fetch GET 200 https://registry.npmjs.org/async-retry 67ms (cache miss)
319 silly packumentCache full:https://registry.npmjs.org/async-retry set size:undefined disposed:false
320 silly fetch manifest xdg-app-paths@5
321 silly packumentCache full:https://registry.npmjs.org/xdg-app-paths cache-miss
322 http fetch GET 200 https://registry.npmjs.org/throttleit 88ms (cache miss)
323 silly packumentCache full:https://registry.npmjs.org/throttleit set size:undefined disposed:false
324 silly fetch manifest tar@7.5.11
325 silly packumentCache full:https://registry.npmjs.org/tar cache-miss
326 http fetch GET 200 https://registry.npmjs.org/@vercel%2foidc 71ms (cache miss)
327 silly packumentCache full:https://registry.npmjs.org/@vercel%2foidc set size:undefined disposed:false
328 silly fetch manifest @vercel/cervel@0.1.70
329 silly packumentCache full:https://registry.npmjs.org/@vercel%2fcervel cache-miss
330 http fetch GET 200 https://registry.npmjs.org/is-node-process 59ms (cache miss)
331 silly packumentCache full:https://registry.npmjs.org/is-node-process set size:undefined disposed:false
332 silly fetch manifest ms@2.1.1
333 silly packumentCache full:https://registry.npmjs.org/ms cache-miss
334 http fetch GET 200 https://registry.npmjs.org/open 54ms (cache miss)
335 silly packumentCache full:https://registry.npmjs.org/open set size:undefined disposed:false
336 silly fetch manifest tar@7.5.7
337 silly packumentCache full:https://registry.npmjs.org/tar cache-miss
338 http fetch GET 200 https://registry.npmjs.org/async-listen 57ms (cache miss)
339 silly packumentCache full:https://registry.npmjs.org/async-listen set size:undefined disposed:false
340 silly fetch manifest debug@4.3.4
341 silly packumentCache full:https://registry.npmjs.org/debug cache-miss
342 http fetch GET 200 https://registry.npmjs.org/@napi-rs%2fkeyring 72ms (cache miss)
343 silly packumentCache full:https://registry.npmjs.org/@napi-rs%2fkeyring set size:undefined disposed:false
344 silly fetch manifest micro@9.3.5-canary.3
345 silly packumentCache full:https://registry.npmjs.org/micro cache-miss
346 http fetch GET 200 https://registry.npmjs.org/xdg-app-paths 71ms (cache miss)
347 silly packumentCache full:https://registry.npmjs.org/xdg-app-paths set size:undefined disposed:false
348 silly fetch manifest semver@7.5.4
349 silly packumentCache full:https://registry.npmjs.org/semver cache-miss
350 http fetch GET 200 https://registry.npmjs.org/@vercel%2fcervel 85ms (cache miss)
351 silly packumentCache full:https://registry.npmjs.org/@vercel%2fcervel set size:undefined disposed:false
352 silly fetch manifest tinyexec@0.3.2
353 silly packumentCache full:https://registry.npmjs.org/tinyexec cache-miss
354 http fetch GET 200 https://registry.npmjs.org/tar 102ms (cache miss)
355 silly packumentCache full:https://registry.npmjs.org/tar set size:undefined disposed:false
356 silly fetch manifest stat-mode@0.3.0
357 silly packumentCache full:https://registry.npmjs.org/stat-mode cache-miss
358 http fetch GET 200 https://registry.npmjs.org/ms 71ms (cache revalidated)
359 silly packumentCache full:https://registry.npmjs.org/ms set size:92208 disposed:false
360 silly fetch manifest tree-kill@1.2.2
361 silly packumentCache full:https://registry.npmjs.org/tree-kill cache-miss
362 http fetch GET 200 https://registry.npmjs.org/debug 65ms (cache revalidated)
363 silly packumentCache full:https://registry.npmjs.org/debug set size:195840 disposed:false
364 silly fetch manifest node-fetch@2.6.7
365 silly packumentCache full:https://registry.npmjs.org/node-fetch cache-miss
366 http fetch GET 200 https://registry.npmjs.org/tar 82ms (cache miss)
367 silly packumentCache full:https://registry.npmjs.org/tar set size:undefined disposed:false
368 silly fetch manifest promisepipe@3.0.0
369 silly packumentCache full:https://registry.npmjs.org/promisepipe cache-miss
370 http fetch GET 200 https://registry.npmjs.org/micro 63ms (cache miss)
371 silly packumentCache full:https://registry.npmjs.org/micro set size:undefined disposed:false
372 silly fetch manifest uid-promise@1.0.0
373 silly packumentCache full:https://registry.npmjs.org/uid-promise cache-miss
374 http fetch GET 200 https://registry.npmjs.org/semver 79ms (cache miss)
375 silly packumentCache full:https://registry.npmjs.org/semver set size:undefined disposed:false
376 silly fetch manifest async-listen@1.2.0
377 silly packumentCache full:https://registry.npmjs.org/async-listen cache-miss
378 http cache https://registry.npmjs.org/async-listen 4ms (cache hit)
379 silly packumentCache full:https://registry.npmjs.org/async-listen set size:27933 disposed:false
380 silly fetch manifest generic-pool@3.4.2
381 silly packumentCache full:https://registry.npmjs.org/generic-pool cache-miss
382 http fetch GET 200 https://registry.npmjs.org/tree-kill 49ms (cache miss)
383 silly packumentCache full:https://registry.npmjs.org/tree-kill set size:undefined disposed:false
384 silly fetch manifest xdg-app-paths@5.1.0
385 silly packumentCache full:https://registry.npmjs.org/xdg-app-paths cache-miss
386 http fetch GET 200 https://registry.npmjs.org/tinyexec 68ms (cache miss)
387 silly packumentCache full:https://registry.npmjs.org/tinyexec set size:undefined disposed:false
388 silly fetch manifest yauzl-promise@2.1.3
389 silly packumentCache full:https://registry.npmjs.org/yauzl-promise cache-miss
390 http fetch GET 200 https://registry.npmjs.org/stat-mode 60ms (cache miss)
391 silly packumentCache full:https://registry.npmjs.org/stat-mode set size:undefined disposed:false
392 silly fetch manifest path-to-regexp@8.2.0
393 silly packumentCache full:https://registry.npmjs.org/path-to-regexp cache-hit
394 silly fetch manifest @tootallnate/once@2.0.0
395 silly packumentCache full:https://registry.npmjs.org/@tootallnate%2fonce cache-miss
396 http cache https://registry.npmjs.org/xdg-app-paths 8ms (cache hit)
397 silly packumentCache full:https://registry.npmjs.org/xdg-app-paths set size:295911 disposed:false
398 silly fetch manifest stream-to-promise@2.2.0
399 silly packumentCache full:https://registry.npmjs.org/stream-to-promise cache-miss
400 http fetch GET 200 https://registry.npmjs.org/uid-promise 55ms (cache miss)
401 silly packumentCache full:https://registry.npmjs.org/uid-promise set size:undefined disposed:false
402 silly fetch manifest etag@1.8.1
403 silly packumentCache full:https://registry.npmjs.org/etag cache-miss
404 http fetch GET 200 https://registry.npmjs.org/promisepipe 63ms (cache miss)
405 silly packumentCache full:https://registry.npmjs.org/promisepipe set size:undefined disposed:false
406 silly fetch manifest undici@5.28.4
407 silly packumentCache full:https://registry.npmjs.org/undici cache-miss
408 http cache https://registry.npmjs.org/undici 8ms (cache hit)
409 silly packumentCache full:https://registry.npmjs.org/undici set size:1558776 disposed:false
410 silly fetch manifest mime-types@2.1.35
411 silly packumentCache full:https://registry.npmjs.org/mime-types cache-miss
412 http fetch GET 200 https://registry.npmjs.org/node-fetch 97ms (cache miss)
413 silly packumentCache full:https://registry.npmjs.org/node-fetch set size:undefined disposed:false
414 silly fetch manifest node-fetch@2.6.9
415 silly packumentCache full:https://registry.npmjs.org/node-fetch cache-miss
416 http fetch GET 200 https://registry.npmjs.org/stream-to-promise 69ms (cache miss)
417 silly packumentCache full:https://registry.npmjs.org/stream-to-promise set size:undefined disposed:false
418 silly fetch manifest typescript@npm:typescript@5.9.3
419 silly packumentCache full:https://registry.npmjs.org/typescript cache-miss
420 http cache https://registry.npmjs.org/node-fetch 22ms (cache hit)
421 silly packumentCache full:https://registry.npmjs.org/node-fetch set size:896010 disposed:false
422 silly fetch manifest @types/node@20.11.0
423 silly packumentCache full:https://registry.npmjs.org/@types%2fnode cache-miss
424 http fetch GET 200 https://registry.npmjs.org/@tootallnate%2fonce 78ms (cache miss)
425 silly packumentCache full:https://registry.npmjs.org/@tootallnate%2fonce set size:undefined disposed:false
426 silly fetch manifest edge-runtime@2.5.9
427 silly packumentCache full:https://registry.npmjs.org/edge-runtime cache-miss
428 http fetch GET 200 https://registry.npmjs.org/yauzl-promise 82ms (cache miss)
429 silly packumentCache full:https://registry.npmjs.org/yauzl-promise set size:undefined disposed:false
430 silly fetch manifest path-to-regexp@6.1.0
431 silly packumentCache full:https://registry.npmjs.org/path-to-regexp cache-hit
432 silly fetch manifest es-module-lexer@1.4.1
433 silly packumentCache full:https://registry.npmjs.org/es-module-lexer cache-miss
434 http fetch GET 200 https://registry.npmjs.org/generic-pool 93ms (cache miss)
435 silly packumentCache full:https://registry.npmjs.org/generic-pool set size:undefined disposed:false
436 silly fetch manifest @edge-runtime/vm@3.2.0
437 silly packumentCache full:https://registry.npmjs.org/@edge-runtime%2fvm cache-miss
438 http fetch GET 200 https://registry.npmjs.org/etag 67ms (cache revalidated)
439 silly packumentCache full:https://registry.npmjs.org/etag set size:30032 disposed:false
440 silly fetch manifest @vercel/error-utils@2.2.1
441 silly packumentCache full:https://registry.npmjs.org/@vercel%2ferror-utils cache-miss
442 http cache https://registry.npmjs.org/es-module-lexer 9ms (cache hit)
443 silly packumentCache full:https://registry.npmjs.org/es-module-lexer set size:230033 disposed:false
444 silly fetch manifest path-to-regexp-updated@npm:path-to-regexp@6.3.0
445 silly packumentCache full:https://registry.npmjs.org/path-to-regexp cache-hit
446 silly fetch manifest @edge-runtime/node-utils@2.3.0
447 silly packumentCache full:https://registry.npmjs.org/@edge-runtime%2fnode-utils cache-miss
448 http fetch GET 200 https://registry.npmjs.org/mime-types 73ms (cache revalidated)
449 silly packumentCache full:https://registry.npmjs.org/mime-types set size:139110 disposed:false
450 silly fetch manifest @edge-runtime/primitives@4.1.0
451 silly packumentCache full:https://registry.npmjs.org/@edge-runtime%2fprimitives cache-miss
452 http fetch GET 200 https://registry.npmjs.org/edge-runtime 66ms (cache miss)
453 silly packumentCache full:https://registry.npmjs.org/edge-runtime set size:undefined disposed:false
454 silly fetch manifest js-yaml@4.1.1
455 silly packumentCache full:https://registry.npmjs.org/js-yaml cache-miss
456 http fetch GET 200 https://registry.npmjs.org/@vercel%2ferror-utils 71ms (cache miss)
457 silly packumentCache full:https://registry.npmjs.org/@vercel%2ferror-utils set size:undefined disposed:false
458 silly fetch manifest fs-extra@11.1.1
459 silly packumentCache full:https://registry.npmjs.org/fs-extra cache-miss
460 http cache https://registry.npmjs.org/fs-extra 3ms (cache hit)
461 silly packumentCache full:https://registry.npmjs.org/fs-extra set size:242028 disposed:false
462 silly fetch manifest minimatch@10.1.1
463 silly packumentCache full:https://registry.npmjs.org/minimatch cache-miss
464 http fetch GET 200 https://registry.npmjs.org/@edge-runtime%2fnode-utils 77ms (cache miss)
465 silly packumentCache full:https://registry.npmjs.org/@edge-runtime%2fnode-utils set size:undefined disposed:false
466 silly fetch manifest @renovatebot/pep440@4.2.1
467 silly packumentCache full:https://registry.npmjs.org/@renovatebot%2fpep440 cache-miss
468 http fetch GET 200 https://registry.npmjs.org/@edge-runtime%2fprimitives 107ms (cache miss)
469 silly packumentCache full:https://registry.npmjs.org/@edge-runtime%2fprimitives set size:undefined disposed:false
470 silly fetch manifest @bytecodealliance/preview2-shim@0.17.6
471 silly packumentCache full:https://registry.npmjs.org/@bytecodealliance%2fpreview2-shim cache-miss
472 http fetch GET 200 https://registry.npmjs.org/js-yaml 80ms (cache miss)
473 silly packumentCache full:https://registry.npmjs.org/js-yaml set size:undefined disposed:false
474 silly fetch manifest semver@6.3.1
475 silly packumentCache full:https://registry.npmjs.org/semver cache-miss
476 http cache https://registry.npmjs.org/semver 4ms (cache hit)
477 silly packumentCache full:https://registry.npmjs.org/semver set size:246128 disposed:false
478 silly fetch manifest execa@5
479 silly packumentCache full:https://registry.npmjs.org/execa cache-miss
480 http cache https://registry.npmjs.org/execa 3ms (cache hit)
481 silly packumentCache full:https://registry.npmjs.org/execa set size:188760 disposed:false
482 silly fetch manifest @vercel/gatsby-plugin-vercel-builder@2.2.62
483 silly packumentCache full:https://registry.npmjs.org/@vercel%2fgatsby-plugin-vercel-builder cache-miss
484 http fetch GET 200 https://registry.npmjs.org/@edge-runtime%2fvm 175ms (cache miss)
485 silly packumentCache full:https://registry.npmjs.org/@edge-runtime%2fvm set size:undefined disposed:false
486 silly fetch manifest @vercel/gatsby-plugin-vercel-analytics@1.0.12
487 silly packumentCache full:https://registry.npmjs.org/@vercel%2fgatsby-plugin-vercel-analytics cache-miss
488 http fetch GET 200 https://registry.npmjs.org/minimatch 98ms (cache miss)
489 silly packumentCache full:https://registry.npmjs.org/minimatch set size:undefined disposed:false
490 silly fetch manifest readdirp@^4.0.1
491 silly packumentCache full:https://registry.npmjs.org/readdirp cache-miss
492 http fetch GET 200 https://registry.npmjs.org/@renovatebot%2fpep440 102ms (cache miss)
493 silly packumentCache full:https://registry.npmjs.org/@renovatebot%2fpep440 set size:undefined disposed:false
494 silly fetch manifest @esbuild/aix-ppc64@0.27.0
495 silly packumentCache full:https://registry.npmjs.org/@esbuild%2faix-ppc64 cache-miss
496 http fetch GET 200 https://registry.npmjs.org/@bytecodealliance%2fpreview2-shim 88ms (cache miss)
497 silly packumentCache full:https://registry.npmjs.org/@bytecodealliance%2fpreview2-shim set size:undefined disposed:false
498 silly fetch manifest @esbuild/linux-arm@0.27.0
499 silly packumentCache full:https://registry.npmjs.org/@esbuild%2flinux-arm cache-miss
500 http fetch GET 200 https://registry.npmjs.org/readdirp 68ms (cache miss)
501 silly packumentCache full:https://registry.npmjs.org/readdirp set size:undefined disposed:false
502 silly fetch manifest @esbuild/linux-x64@0.27.0
503 silly packumentCache full:https://registry.npmjs.org/@esbuild%2flinux-x64 cache-miss
504 http fetch GET 200 https://registry.npmjs.org/@esbuild%2faix-ppc64 77ms (cache miss)
505 silly packumentCache full:https://registry.npmjs.org/@esbuild%2faix-ppc64 set size:undefined disposed:false
506 silly fetch manifest @esbuild/sunos-x64@0.27.0
507 silly packumentCache full:https://registry.npmjs.org/@esbuild%2fsunos-x64 cache-miss
508 http fetch GET 200 https://registry.npmjs.org/@esbuild%2flinux-arm 90ms (cache miss)
509 silly packumentCache full:https://registry.npmjs.org/@esbuild%2flinux-arm set size:undefined disposed:false
510 silly fetch manifest @esbuild/win32-x64@0.27.0
511 silly packumentCache full:https://registry.npmjs.org/@esbuild%2fwin32-x64 cache-miss
512 http fetch GET 200 https://registry.npmjs.org/@types%2fnode 346ms (cache miss)
513 silly packumentCache full:https://registry.npmjs.org/@types%2fnode set size:undefined disposed:false
514 silly fetch manifest @esbuild/darwin-x64@0.27.0
515 silly packumentCache full:https://registry.npmjs.org/@esbuild%2fdarwin-x64 cache-miss
516 http fetch GET 200 https://registry.npmjs.org/@vercel%2fgatsby-plugin-vercel-analytics 273ms (cache miss)
517 silly packumentCache full:https://registry.npmjs.org/@vercel%2fgatsby-plugin-vercel-analytics set size:undefined disposed:false
518 silly fetch manifest @esbuild/linux-ia32@0.27.0
519 silly packumentCache full:https://registry.npmjs.org/@esbuild%2flinux-ia32 cache-miss
520 http fetch GET 200 https://registry.npmjs.org/@esbuild%2fwin32-x64 130ms (cache miss)
521 silly packumentCache full:https://registry.npmjs.org/@esbuild%2fwin32-x64 set size:undefined disposed:false
522 silly fetch manifest @esbuild/netbsd-x64@0.27.0
523 silly packumentCache full:https://registry.npmjs.org/@esbuild%2fnetbsd-x64 cache-miss
524 http fetch GET 200 https://registry.npmjs.org/@esbuild%2flinux-x64 201ms (cache miss)
525 silly packumentCache full:https://registry.npmjs.org/@esbuild%2flinux-x64 set size:undefined disposed:false
526 silly fetch manifest @esbuild/win32-ia32@0.27.0
527 silly packumentCache full:https://registry.npmjs.org/@esbuild%2fwin32-ia32 cache-miss
528 http fetch GET 200 https://registry.npmjs.org/@esbuild%2fsunos-x64 213ms (cache miss)
529 silly packumentCache full:https://registry.npmjs.org/@esbuild%2fsunos-x64 set size:undefined disposed:false
530 silly fetch manifest @esbuild/android-arm@0.27.0
531 silly packumentCache full:https://registry.npmjs.org/@esbuild%2fandroid-arm cache-miss
532 http fetch GET 200 https://registry.npmjs.org/@vercel%2fgatsby-plugin-vercel-builder 327ms (cache miss)
533 silly packumentCache full:https://registry.npmjs.org/@vercel%2fgatsby-plugin-vercel-builder set size:undefined disposed:false
534 silly fetch manifest @esbuild/android-x64@0.27.0
535 silly packumentCache full:https://registry.npmjs.org/@esbuild%2fandroid-x64 cache-miss
536 http fetch GET 200 https://registry.npmjs.org/typescript 527ms (cache miss)
537 silly packumentCache full:https://registry.npmjs.org/typescript set size:undefined disposed:false
538 silly fetch manifest @esbuild/freebsd-x64@0.27.0
539 silly packumentCache full:https://registry.npmjs.org/@esbuild%2ffreebsd-x64 cache-miss
540 http fetch GET 200 https://registry.npmjs.org/@esbuild%2fdarwin-x64 251ms (cache miss)
541 silly packumentCache full:https://registry.npmjs.org/@esbuild%2fdarwin-x64 set size:undefined disposed:false
542 silly fetch manifest @esbuild/linux-arm64@0.27.0
543 silly packumentCache full:https://registry.npmjs.org/@esbuild%2flinux-arm64 cache-miss
544 http fetch GET 200 https://registry.npmjs.org/@esbuild%2fwin32-ia32 242ms (cache miss)
545 silly packumentCache full:https://registry.npmjs.org/@esbuild%2fwin32-ia32 set size:undefined disposed:false
546 silly fetch manifest @esbuild/linux-ppc64@0.27.0
547 silly packumentCache full:https://registry.npmjs.org/@esbuild%2flinux-ppc64 cache-miss
548 http fetch GET 200 https://registry.npmjs.org/@esbuild%2fandroid-x64 207ms (cache miss)
549 silly packumentCache full:https://registry.npmjs.org/@esbuild%2fandroid-x64 set size:undefined disposed:false
550 silly fetch manifest @esbuild/linux-s390x@0.27.0
551 silly packumentCache full:https://registry.npmjs.org/@esbuild%2flinux-s390x cache-miss
552 http fetch GET 200 https://registry.npmjs.org/@esbuild%2flinux-ia32 255ms (cache miss)
553 silly packumentCache full:https://registry.npmjs.org/@esbuild%2flinux-ia32 set size:undefined disposed:false
554 silly fetch manifest @esbuild/openbsd-x64@0.27.0
555 silly packumentCache full:https://registry.npmjs.org/@esbuild%2fopenbsd-x64 cache-miss
556 http fetch GET 200 https://registry.npmjs.org/@esbuild%2fandroid-arm 226ms (cache miss)
557 silly packumentCache full:https://registry.npmjs.org/@esbuild%2fandroid-arm set size:undefined disposed:false
558 silly fetch manifest @esbuild/win32-arm64@0.27.0
559 silly packumentCache full:https://registry.npmjs.org/@esbuild%2fwin32-arm64 cache-miss
560 http fetch GET 200 https://registry.npmjs.org/@esbuild%2fnetbsd-x64 256ms (cache miss)
561 silly packumentCache full:https://registry.npmjs.org/@esbuild%2fnetbsd-x64 set size:undefined disposed:false
562 silly fetch manifest @esbuild/darwin-arm64@0.27.0
563 silly packumentCache full:https://registry.npmjs.org/@esbuild%2fdarwin-arm64 cache-miss
564 http fetch GET 200 https://registry.npmjs.org/@esbuild%2ffreebsd-x64 70ms (cache miss)
565 silly packumentCache full:https://registry.npmjs.org/@esbuild%2ffreebsd-x64 set size:undefined disposed:false
566 silly fetch manifest @esbuild/netbsd-arm64@0.27.0
567 silly packumentCache full:https://registry.npmjs.org/@esbuild%2fnetbsd-arm64 cache-miss
568 http fetch GET 200 https://registry.npmjs.org/@esbuild%2flinux-arm64 74ms (cache miss)
569 silly packumentCache full:https://registry.npmjs.org/@esbuild%2flinux-arm64 set size:undefined disposed:false
570 silly fetch manifest @esbuild/android-arm64@0.27.0
571 silly packumentCache full:https://registry.npmjs.org/@esbuild%2fandroid-arm64 cache-miss
572 http fetch GET 200 https://registry.npmjs.org/@esbuild%2flinux-s390x 83ms (cache miss)
573 silly packumentCache full:https://registry.npmjs.org/@esbuild%2flinux-s390x set size:undefined disposed:false
574 silly fetch manifest @esbuild/freebsd-arm64@0.27.0
575 silly packumentCache full:https://registry.npmjs.org/@esbuild%2ffreebsd-arm64 cache-miss
576 http fetch GET 200 https://registry.npmjs.org/@esbuild%2flinux-ppc64 88ms (cache miss)
577 silly packumentCache full:https://registry.npmjs.org/@esbuild%2flinux-ppc64 set size:undefined disposed:false
578 silly fetch manifest @esbuild/linux-loong64@0.27.0
579 silly packumentCache full:https://registry.npmjs.org/@esbuild%2flinux-loong64 cache-miss
580 http fetch GET 200 https://registry.npmjs.org/@esbuild%2fwin32-arm64 82ms (cache miss)
581 silly packumentCache full:https://registry.npmjs.org/@esbuild%2fwin32-arm64 set size:undefined disposed:false
582 silly fetch manifest @esbuild/linux-riscv64@0.27.0
583 silly packumentCache full:https://registry.npmjs.org/@esbuild%2flinux-riscv64 cache-miss
584 http fetch GET 200 https://registry.npmjs.org/@esbuild%2fdarwin-arm64 88ms (cache miss)
585 silly packumentCache full:https://registry.npmjs.org/@esbuild%2fdarwin-arm64 set size:undefined disposed:false
586 silly fetch manifest @esbuild/openbsd-arm64@0.27.0
587 silly packumentCache full:https://registry.npmjs.org/@esbuild%2fopenbsd-arm64 cache-miss
588 http fetch GET 200 https://registry.npmjs.org/@esbuild%2fnetbsd-arm64 58ms (cache miss)
589 silly packumentCache full:https://registry.npmjs.org/@esbuild%2fnetbsd-arm64 set size:undefined disposed:false
590 silly fetch manifest @esbuild/linux-mips64el@0.27.0
591 silly packumentCache full:https://registry.npmjs.org/@esbuild%2flinux-mips64el cache-miss
592 http fetch GET 200 https://registry.npmjs.org/@esbuild%2fopenbsd-x64 119ms (cache miss)
593 silly packumentCache full:https://registry.npmjs.org/@esbuild%2fopenbsd-x64 set size:undefined disposed:false
594 silly fetch manifest @esbuild/openharmony-arm64@0.27.0
595 silly packumentCache full:https://registry.npmjs.org/@esbuild%2fopenharmony-arm64 cache-miss
596 http fetch GET 200 https://registry.npmjs.org/@esbuild%2fandroid-arm64 65ms (cache miss)
597 silly packumentCache full:https://registry.npmjs.org/@esbuild%2fandroid-arm64 set size:undefined disposed:false
598 silly fetch manifest ws@^8.21.0
599 silly packumentCache full:https://registry.npmjs.org/ws cache-miss
600 http fetch GET 200 https://registry.npmjs.org/@esbuild%2flinux-riscv64 68ms (cache miss)
601 silly packumentCache full:https://registry.npmjs.org/@esbuild%2flinux-riscv64 set size:undefined disposed:false
602 silly fetch manifest zod@^4.1.1
603 silly packumentCache full:https://registry.npmjs.org/zod cache-miss
604 http fetch GET 200 https://registry.npmjs.org/@esbuild%2ffreebsd-arm64 86ms (cache miss)
605 silly packumentCache full:https://registry.npmjs.org/@esbuild%2ffreebsd-arm64 set size:undefined disposed:false
606 silly fetch manifest debug@^4.4.1
607 silly packumentCache full:https://registry.npmjs.org/debug cache-hit
608 silly fetch manifest async-retry@1.3.3
609 silly packumentCache full:https://registry.npmjs.org/async-retry cache-miss
610 http cache https://registry.npmjs.org/zod 19ms (cache hit)
611 silly packumentCache full:https://registry.npmjs.org/zod set size:4166672 disposed:false
612 silly fetch manifest @vercel/sandbox@3.1.0
613 silly packumentCache full:https://registry.npmjs.org/@vercel%2fsandbox cache-miss
614 http fetch GET 200 https://registry.npmjs.org/@esbuild%2flinux-loong64 130ms (cache miss)
615 silly packumentCache full:https://registry.npmjs.org/@esbuild%2flinux-loong64 set size:undefined disposed:false
616 silly fetch manifest @fastify/busboy@^2.0.0
617 silly packumentCache full:https://registry.npmjs.org/@fastify%2fbusboy cache-miss
618 http fetch GET 200 https://registry.npmjs.org/@esbuild%2flinux-mips64el 111ms (cache miss)
619 silly packumentCache full:https://registry.npmjs.org/@esbuild%2flinux-mips64el set size:undefined disposed:false
620 http cache https://registry.npmjs.org/async-retry 52ms (cache hit)
621 silly packumentCache full:https://registry.npmjs.org/async-retry set size:51916 disposed:false
622 http fetch GET 200 https://registry.npmjs.org/@esbuild%2fopenbsd-arm64 129ms (cache miss)
623 silly packumentCache full:https://registry.npmjs.org/@esbuild%2fopenbsd-arm64 set size:undefined disposed:false
624 http fetch GET 200 https://registry.npmjs.org/@esbuild%2fopenharmony-arm64 106ms (cache miss)
625 silly packumentCache full:https://registry.npmjs.org/@esbuild%2fopenharmony-arm64 set size:undefined disposed:false
626 http fetch GET 200 https://registry.npmjs.org/ws 101ms (cache miss)
627 silly packumentCache full:https://registry.npmjs.org/ws set size:undefined disposed:false
628 http fetch GET 200 https://registry.npmjs.org/@fastify%2fbusboy 82ms (cache miss)
629 silly packumentCache full:https://registry.npmjs.org/@fastify%2fbusboy set size:undefined disposed:false
630 http fetch GET 200 https://registry.npmjs.org/@vercel%2fsandbox 245ms (cache miss)
631 silly packumentCache full:https://registry.npmjs.org/@vercel%2fsandbox set size:undefined disposed:false
632 silly placeDep ROOT @vercel/nft@1.10.0 OK for: @vercel/backends@11.0.1 want: 1.10.0
633 silly placeDep ROOT @vercel/static-config@3.4.3 OK for: @vercel/backends@11.0.1 want: 3.4.3
634 silly placeDep ROOT execa@3.2.0 OK for: @vercel/backends@11.0.1 want: 3.2.0
635 silly placeDep ROOT fs-extra@11.1.0 OK for: @vercel/backends@11.0.1 want: 11.1.0
636 silly placeDep ROOT get-port@5.1.1 OK for: @vercel/backends@11.0.1 want: 5.1.1
637 silly placeDep ROOT oxc-transform@0.111.0 OK for: @vercel/backends@11.0.1 want: 0.111.0
638 silly placeDep ROOT path-to-regexp@8.3.0 OK for: @vercel/backends@11.0.1 want: 8.3.0
639 silly placeDep ROOT resolve.exports@2.0.3 OK for: @vercel/backends@11.0.1 want: 2.0.3
640 silly placeDep ROOT rolldown@1.0.0-rc.1 OK for: @vercel/backends@11.0.1 want: 1.0.0-rc.1
641 silly placeDep ROOT srvx@0.11.16 OK for: @vercel/backends@11.0.1 want: 0.11.16
642 silly placeDep ROOT ts-morph@12.0.0 OK for: @vercel/backends@11.0.1 want: 12.0.0
643 silly placeDep ROOT tsx@4.21.0 OK for: @vercel/backends@11.0.1 want: 4.21.0
644 silly placeDep node_modules/@vercel/backends zod@3.22.4 OK for: @vercel/backends@11.0.1 want: 3.22.4
645 silly fetch manifest glob@^13.0.0
646 silly packumentCache full:https://registry.npmjs.org/glob cache-miss
647 silly fetch manifest acorn@^8.6.0
648 silly packumentCache full:https://registry.npmjs.org/acorn cache-miss
649 silly fetch manifest bindings@^1.4.0
650 silly packumentCache full:https://registry.npmjs.org/bindings cache-miss
651 silly fetch manifest picomatch@^4.0.2
652 silly packumentCache full:https://registry.npmjs.org/picomatch cache-miss
653 silly fetch manifest async-sema@^3.1.1
654 silly packumentCache full:https://registry.npmjs.org/async-sema cache-miss
655 silly fetch manifest graceful-fs@^4.2.9
656 silly packumentCache full:https://registry.npmjs.org/graceful-fs cache-miss
657 silly fetch manifest resolve-from@^5.0.0
658 silly packumentCache full:https://registry.npmjs.org/resolve-from cache-miss
659 http fetch GET 200 https://registry.npmjs.org/resolve-from 54ms (cache miss)
660 silly packumentCache full:https://registry.npmjs.org/resolve-from set size:undefined disposed:false
661 silly fetch manifest estree-walker@2.0.2
662 silly packumentCache full:https://registry.npmjs.org/estree-walker cache-miss
663 http fetch GET 200 https://registry.npmjs.org/async-sema 59ms (cache miss)
664 silly packumentCache full:https://registry.npmjs.org/async-sema set size:undefined disposed:false
665 silly fetch manifest node-gyp-build@^4.2.2
666 silly packumentCache full:https://registry.npmjs.org/node-gyp-build cache-miss
667 http fetch GET 200 https://registry.npmjs.org/bindings 63ms (cache miss)
668 silly packumentCache full:https://registry.npmjs.org/bindings set size:undefined disposed:false
669 silly fetch manifest @rollup/pluginutils@^5.1.3
670 silly packumentCache full:https://registry.npmjs.org/@rollup%2fpluginutils cache-miss
671 http fetch GET 200 https://registry.npmjs.org/picomatch 67ms (cache miss)
672 silly packumentCache full:https://registry.npmjs.org/picomatch set size:undefined disposed:false
673 silly fetch manifest @mapbox/node-pre-gyp@^2.0.0
674 silly packumentCache full:https://registry.npmjs.org/@mapbox%2fnode-pre-gyp cache-miss
675 http fetch GET 200 https://registry.npmjs.org/graceful-fs 72ms (cache miss)
676 silly packumentCache full:https://registry.npmjs.org/graceful-fs set size:undefined disposed:false
677 silly fetch manifest acorn-import-attributes@^1.9.5
678 silly packumentCache full:https://registry.npmjs.org/acorn-import-attributes cache-miss
679 http fetch GET 200 https://registry.npmjs.org/glob 82ms (cache miss)
680 silly packumentCache full:https://registry.npmjs.org/glob set size:undefined disposed:false
681 silly fetch manifest ajv@8.6.3
682 silly packumentCache full:https://registry.npmjs.org/ajv cache-miss
683 http fetch GET 200 https://registry.npmjs.org/acorn 88ms (cache miss)
684 silly packumentCache full:https://registry.npmjs.org/acorn set size:undefined disposed:false
685 silly fetch manifest oxc-parser@0.121.0
686 silly packumentCache full:https://registry.npmjs.org/oxc-parser cache-miss
687 http fetch GET 200 https://registry.npmjs.org/node-gyp-build 49ms (cache miss)
688 silly packumentCache full:https://registry.npmjs.org/node-gyp-build set size:undefined disposed:false
689 silly fetch manifest json-schema-to-ts@1.6.4
690 silly packumentCache full:https://registry.npmjs.org/json-schema-to-ts cache-miss
691 http fetch GET 200 https://registry.npmjs.org/estree-walker 70ms (cache miss)
692 silly packumentCache full:https://registry.npmjs.org/estree-walker set size:undefined disposed:false
693 silly fetch manifest onetime@^5.1.0
694 silly packumentCache full:https://registry.npmjs.org/onetime cache-miss
695 http fetch GET 200 https://registry.npmjs.org/acorn-import-attributes 62ms (cache miss)
696 silly packumentCache full:https://registry.npmjs.org/acorn-import-attributes set size:undefined disposed:false
697 silly fetch manifest is-stream@^2.0.0
698 silly packumentCache full:https://registry.npmjs.org/is-stream cache-miss
699 http fetch GET 200 https://registry.npmjs.org/@rollup%2fpluginutils 88ms (cache miss)
700 silly packumentCache full:https://registry.npmjs.org/@rollup%2fpluginutils set size:undefined disposed:false
701 silly fetch manifest p-finally@^2.0.0
702 silly packumentCache full:https://registry.npmjs.org/p-finally cache-miss
703 http fetch GET 200 https://registry.npmjs.org/json-schema-to-ts 55ms (cache miss)
704 silly packumentCache full:https://registry.npmjs.org/json-schema-to-ts set size:undefined disposed:false
705 silly fetch manifest get-stream@^5.0.0
706 silly packumentCache full:https://registry.npmjs.org/get-stream cache-miss
707 http fetch GET 200 https://registry.npmjs.org/oxc-parser 79ms (cache miss)
708 silly packumentCache full:https://registry.npmjs.org/oxc-parser set size:undefined disposed:false
709 silly fetch manifest cross-spawn@^7.0.0
710 silly packumentCache full:https://registry.npmjs.org/cross-spawn cache-miss
711 http fetch GET 200 https://registry.npmjs.org/onetime 60ms (cache miss)
712 silly packumentCache full:https://registry.npmjs.org/onetime set size:undefined disposed:false
713 silly fetch manifest signal-exit@^3.0.2
714 silly packumentCache full:https://registry.npmjs.org/signal-exit cache-miss
715 http fetch GET 200 https://registry.npmjs.org/@mapbox%2fnode-pre-gyp 122ms (cache miss)
716 silly packumentCache full:https://registry.npmjs.org/@mapbox%2fnode-pre-gyp set size:undefined disposed:false
717 silly fetch manifest merge-stream@^2.0.0
718 silly packumentCache full:https://registry.npmjs.org/merge-stream cache-miss
719 http fetch GET 200 https://registry.npmjs.org/is-stream 59ms (cache miss)
720 silly packumentCache full:https://registry.npmjs.org/is-stream set size:undefined disposed:false
721 silly fetch manifest npm-run-path@^4.0.0
722 silly packumentCache full:https://registry.npmjs.org/npm-run-path cache-miss
723 http fetch GET 200 https://registry.npmjs.org/ajv 113ms (cache miss)
724 silly packumentCache full:https://registry.npmjs.org/ajv set size:undefined disposed:false
725 silly fetch manifest human-signals@^1.1.1
726 silly packumentCache full:https://registry.npmjs.org/human-signals cache-miss
727 http fetch GET 200 https://registry.npmjs.org/p-finally 61ms (cache miss)
728 silly packumentCache full:https://registry.npmjs.org/p-finally set size:undefined disposed:false
729 silly fetch manifest strip-final-newline@^2.0.0
730 silly packumentCache full:https://registry.npmjs.org/strip-final-newline cache-miss
731 http fetch GET 200 https://registry.npmjs.org/cross-spawn 51ms (cache miss)
732 silly packumentCache full:https://registry.npmjs.org/cross-spawn set size:undefined disposed:false
733 silly fetch manifest jsonfile@^6.0.1
734 silly packumentCache full:https://registry.npmjs.org/jsonfile cache-miss
735 http fetch GET 200 https://registry.npmjs.org/get-stream 65ms (cache miss)
736 silly packumentCache full:https://registry.npmjs.org/get-stream set size:undefined disposed:false
737 silly fetch manifest graceful-fs@^4.2.0
738 silly packumentCache full:https://registry.npmjs.org/graceful-fs cache-miss
739 http cache https://registry.npmjs.org/graceful-fs 4ms (cache hit)
740 silly packumentCache full:https://registry.npmjs.org/graceful-fs set size:124285 disposed:false
741 silly fetch manifest universalify@^2.0.0
742 silly packumentCache full:https://registry.npmjs.org/universalify cache-miss
743 http fetch GET 200 https://registry.npmjs.org/signal-exit 62ms (cache miss)
744 silly packumentCache full:https://registry.npmjs.org/signal-exit set size:undefined disposed:false
745 silly fetch manifest @oxc-transform/binding-darwin-x64@0.111.0
746 silly packumentCache full:https://registry.npmjs.org/@oxc-transform%2fbinding-darwin-x64 cache-miss
747 http fetch GET 200 https://registry.npmjs.org/merge-stream 59ms (cache miss)
748 silly packumentCache full:https://registry.npmjs.org/merge-stream set size:undefined disposed:false
749 silly fetch manifest @oxc-transform/binding-freebsd-x64@0.111.0
750 silly packumentCache full:https://registry.npmjs.org/@oxc-transform%2fbinding-freebsd-x64 cache-miss
751 http fetch GET 200 https://registry.npmjs.org/npm-run-path 55ms (cache miss)
752 silly packumentCache full:https://registry.npmjs.org/npm-run-path set size:undefined disposed:false
753 silly fetch manifest @oxc-transform/binding-wasm32-wasi@0.111.0
754 silly packumentCache full:https://registry.npmjs.org/@oxc-transform%2fbinding-wasm32-wasi cache-miss
755 http fetch GET 200 https://registry.npmjs.org/human-signals 53ms (cache miss)
756 silly packumentCache full:https://registry.npmjs.org/human-signals set size:undefined disposed:false
757 silly fetch manifest @oxc-transform/binding-darwin-arm64@0.111.0
758 silly packumentCache full:https://registry.npmjs.org/@oxc-transform%2fbinding-darwin-arm64 cache-miss
759 http fetch GET 200 https://registry.npmjs.org/jsonfile 49ms (cache miss)
760 silly packumentCache full:https://registry.npmjs.org/jsonfile set size:undefined disposed:false
761 silly fetch manifest @oxc-transform/binding-android-arm64@0.111.0
762 silly packumentCache full:https://registry.npmjs.org/@oxc-transform%2fbinding-android-arm64 cache-miss
763 http fetch GET 200 https://registry.npmjs.org/universalify 59ms (cache miss)
764 silly packumentCache full:https://registry.npmjs.org/universalify set size:undefined disposed:false
765 silly fetch manifest @oxc-transform/binding-linux-x64-gnu@0.111.0
766 silly packumentCache full:https://registry.npmjs.org/@oxc-transform%2fbinding-linux-x64-gnu cache-miss
767 http fetch GET 200 https://registry.npmjs.org/@oxc-transform%2fbinding-freebsd-x64 71ms (cache miss)
768 silly packumentCache full:https://registry.npmjs.org/@oxc-transform%2fbinding-freebsd-x64 set size:undefined disposed:false
769 silly fetch manifest @oxc-transform/binding-linux-x64-musl@0.111.0
770 silly packumentCache full:https://registry.npmjs.org/@oxc-transform%2fbinding-linux-x64-musl cache-miss
771 http fetch GET 200 https://registry.npmjs.org/strip-final-newline 120ms (cache miss)
772 silly packumentCache full:https://registry.npmjs.org/strip-final-newline set size:undefined disposed:false
773 silly fetch manifest @oxc-transform/binding-win32-x64-msvc@0.111.0
774 silly packumentCache full:https://registry.npmjs.org/@oxc-transform%2fbinding-win32-x64-msvc cache-miss
775 http fetch GET 200 https://registry.npmjs.org/@oxc-transform%2fbinding-darwin-x64 89ms (cache miss)
776 silly packumentCache full:https://registry.npmjs.org/@oxc-transform%2fbinding-darwin-x64 set size:undefined disposed:false
777 silly fetch manifest @oxc-transform/binding-linux-arm64-gnu@0.111.0
778 silly packumentCache full:https://registry.npmjs.org/@oxc-transform%2fbinding-linux-arm64-gnu cache-miss
779 http fetch GET 200 https://registry.npmjs.org/@oxc-transform%2fbinding-wasm32-wasi 92ms (cache miss)
780 silly packumentCache full:https://registry.npmjs.org/@oxc-transform%2fbinding-wasm32-wasi set size:undefined disposed:false
781 silly fetch manifest @oxc-transform/binding-linux-ppc64-gnu@0.111.0
782 silly packumentCache full:https://registry.npmjs.org/@oxc-transform%2fbinding-linux-ppc64-gnu cache-miss
783 http fetch GET 200 https://registry.npmjs.org/@oxc-transform%2fbinding-darwin-arm64 86ms (cache miss)
784 silly packumentCache full:https://registry.npmjs.org/@oxc-transform%2fbinding-darwin-arm64 set size:undefined disposed:false
785 silly fetch manifest @oxc-transform/binding-linux-s390x-gnu@0.111.0
786 silly packumentCache full:https://registry.npmjs.org/@oxc-transform%2fbinding-linux-s390x-gnu cache-miss
787 http fetch GET 200 https://registry.npmjs.org/@oxc-transform%2fbinding-android-arm64 73ms (cache miss)
788 silly packumentCache full:https://registry.npmjs.org/@oxc-transform%2fbinding-android-arm64 set size:undefined disposed:false
789 silly fetch manifest @oxc-transform/binding-win32-ia32-msvc@0.111.0
790 silly packumentCache full:https://registry.npmjs.org/@oxc-transform%2fbinding-win32-ia32-msvc cache-miss
791 http fetch GET 200 https://registry.npmjs.org/@oxc-transform%2fbinding-linux-x64-musl 75ms (cache miss)
792 silly packumentCache full:https://registry.npmjs.org/@oxc-transform%2fbinding-linux-x64-musl set size:undefined disposed:false
793 silly fetch manifest @oxc-transform/binding-android-arm-eabi@0.111.0
794 silly packumentCache full:https://registry.npmjs.org/@oxc-transform%2fbinding-android-arm-eabi cache-miss
795 http fetch GET 200 https://registry.npmjs.org/@oxc-transform%2fbinding-win32-ia32-msvc 61ms (cache miss)
796 silly packumentCache full:https://registry.npmjs.org/@oxc-transform%2fbinding-win32-ia32-msvc set size:undefined disposed:false
797 silly fetch manifest @oxc-transform/binding-linux-arm64-musl@0.111.0
798 silly packumentCache full:https://registry.npmjs.org/@oxc-transform%2fbinding-linux-arm64-musl cache-miss
799 http fetch GET 200 https://registry.npmjs.org/@oxc-transform%2fbinding-linux-ppc64-gnu 77ms (cache miss)
800 silly packumentCache full:https://registry.npmjs.org/@oxc-transform%2fbinding-linux-ppc64-gnu set size:undefined disposed:false
801 silly fetch manifest @oxc-transform/binding-win32-arm64-msvc@0.111.0
802 silly packumentCache full:https://registry.npmjs.org/@oxc-transform%2fbinding-win32-arm64-msvc cache-miss
803 http fetch GET 200 https://registry.npmjs.org/@oxc-transform%2fbinding-win32-x64-msvc 91ms (cache miss)
804 silly packumentCache full:https://registry.npmjs.org/@oxc-transform%2fbinding-win32-x64-msvc set size:undefined disposed:false
805 silly fetch manifest @oxc-transform/binding-linux-riscv64-gnu@0.111.0
806 silly packumentCache full:https://registry.npmjs.org/@oxc-transform%2fbinding-linux-riscv64-gnu cache-miss
807 http fetch GET 200 https://registry.npmjs.org/@oxc-transform%2fbinding-linux-x64-gnu 132ms (cache miss)
808 silly packumentCache full:https://registry.npmjs.org/@oxc-transform%2fbinding-linux-x64-gnu set size:undefined disposed:false
809 silly fetch manifest @oxc-transform/binding-openharmony-arm64@0.111.0
810 silly packumentCache full:https://registry.npmjs.org/@oxc-transform%2fbinding-openharmony-arm64 cache-miss
811 http fetch GET 200 https://registry.npmjs.org/@oxc-transform%2fbinding-linux-arm64-gnu 94ms (cache miss)
812 silly packumentCache full:https://registry.npmjs.org/@oxc-transform%2fbinding-linux-arm64-gnu set size:undefined disposed:false
813 silly fetch manifest @oxc-transform/binding-linux-riscv64-musl@0.111.0
814 silly packumentCache full:https://registry.npmjs.org/@oxc-transform%2fbinding-linux-riscv64-musl cache-miss
815 http fetch GET 200 https://registry.npmjs.org/@oxc-transform%2fbinding-android-arm-eabi 80ms (cache miss)
816 silly packumentCache full:https://registry.npmjs.org/@oxc-transform%2fbinding-android-arm-eabi set size:undefined disposed:false
817 silly fetch manifest @oxc-transform/binding-linux-arm-gnueabihf@0.111.0
818 silly packumentCache full:https://registry.npmjs.org/@oxc-transform%2fbinding-linux-arm-gnueabihf cache-miss
819 http fetch GET 200 https://registry.npmjs.org/@oxc-transform%2fbinding-linux-arm64-musl 78ms (cache miss)
820 silly packumentCache full:https://registry.npmjs.org/@oxc-transform%2fbinding-linux-arm64-musl set size:undefined disposed:false
821 silly fetch manifest @oxc-transform/binding-linux-arm-musleabihf@0.111.0
822 silly packumentCache full:https://registry.npmjs.org/@oxc-transform%2fbinding-linux-arm-musleabihf cache-miss
823 http fetch GET 200 https://registry.npmjs.org/@oxc-transform%2fbinding-linux-riscv64-gnu 83ms (cache miss)
824 silly packumentCache full:https://registry.npmjs.org/@oxc-transform%2fbinding-linux-riscv64-gnu set size:undefined disposed:false
825 silly fetch manifest @oxc-project/types@=0.110.0
826 silly packumentCache full:https://registry.npmjs.org/@oxc-project%2ftypes cache-miss
827 http fetch GET 200 https://registry.npmjs.org/@oxc-transform%2fbinding-win32-arm64-msvc 89ms (cache miss)
828 silly packumentCache full:https://registry.npmjs.org/@oxc-transform%2fbinding-win32-arm64-msvc set size:undefined disposed:false
829 silly fetch manifest @rolldown/pluginutils@1.0.0-rc.1
830 silly packumentCache full:https://registry.npmjs.org/@rolldown%2fpluginutils cache-miss
831 http fetch GET 200 https://registry.npmjs.org/@oxc-transform%2fbinding-openharmony-arm64 86ms (cache miss)
832 silly packumentCache full:https://registry.npmjs.org/@oxc-transform%2fbinding-openharmony-arm64 set size:undefined disposed:false
833 silly fetch manifest @rolldown/binding-darwin-x64@1.0.0-rc.1
834 silly packumentCache full:https://registry.npmjs.org/@rolldown%2fbinding-darwin-x64 cache-miss
835 http fetch GET 200 https://registry.npmjs.org/@oxc-transform%2fbinding-linux-arm-gnueabihf 72ms (cache miss)
836 silly packumentCache full:https://registry.npmjs.org/@oxc-transform%2fbinding-linux-arm-gnueabihf set size:undefined disposed:false
837 silly fetch manifest @rolldown/binding-freebsd-x64@1.0.0-rc.1
838 silly packumentCache full:https://registry.npmjs.org/@rolldown%2fbinding-freebsd-x64 cache-miss
839 http fetch GET 200 https://registry.npmjs.org/@oxc-transform%2fbinding-linux-riscv64-musl 132ms (cache miss)
840 silly packumentCache full:https://registry.npmjs.org/@oxc-transform%2fbinding-linux-riscv64-musl set size:undefined disposed:false
841 silly fetch manifest @rolldown/binding-wasm32-wasi@1.0.0-rc.1
842 silly packumentCache full:https://registry.npmjs.org/@rolldown%2fbinding-wasm32-wasi cache-miss
843 http fetch GET 200 https://registry.npmjs.org/@oxc-project%2ftypes 59ms (cache miss)
844 silly packumentCache full:https://registry.npmjs.org/@oxc-project%2ftypes set size:undefined disposed:false
845 silly fetch manifest @rolldown/binding-darwin-arm64@1.0.0-rc.1
846 silly packumentCache full:https://registry.npmjs.org/@rolldown%2fbinding-darwin-arm64 cache-miss
847 http fetch GET 200 https://registry.npmjs.org/@oxc-transform%2fbinding-linux-s390x-gnu 230ms (cache miss)
848 silly packumentCache full:https://registry.npmjs.org/@oxc-transform%2fbinding-linux-s390x-gnu set size:undefined disposed:false
849 silly fetch manifest @rolldown/binding-android-arm64@1.0.0-rc.1
850 silly packumentCache full:https://registry.npmjs.org/@rolldown%2fbinding-android-arm64 cache-miss
851 http fetch GET 200 https://registry.npmjs.org/@rolldown%2fpluginutils 74ms (cache miss)
852 silly packumentCache full:https://registry.npmjs.org/@rolldown%2fpluginutils set size:undefined disposed:false
853 silly fetch manifest @rolldown/binding-linux-x64-gnu@1.0.0-rc.1
854 silly packumentCache full:https://registry.npmjs.org/@rolldown%2fbinding-linux-x64-gnu cache-miss
855 http fetch GET 200 https://registry.npmjs.org/@rolldown%2fbinding-darwin-x64 126ms (cache miss)
856 silly packumentCache full:https://registry.npmjs.org/@rolldown%2fbinding-darwin-x64 set size:undefined disposed:false
857 silly fetch manifest @rolldown/binding-linux-x64-musl@1.0.0-rc.1
858 silly packumentCache full:https://registry.npmjs.org/@rolldown%2fbinding-linux-x64-musl cache-miss
859 http fetch GET 200 https://registry.npmjs.org/@rolldown%2fbinding-android-arm64 134ms (cache miss)
860 silly packumentCache full:https://registry.npmjs.org/@rolldown%2fbinding-android-arm64 set size:undefined disposed:false
861 silly fetch manifest @rolldown/binding-win32-x64-msvc@1.0.0-rc.1
862 silly packumentCache full:https://registry.npmjs.org/@rolldown%2fbinding-win32-x64-msvc cache-miss
863 http fetch GET 200 https://registry.npmjs.org/@oxc-transform%2fbinding-linux-arm-musleabihf 231ms (cache miss)
864 silly packumentCache full:https://registry.npmjs.org/@oxc-transform%2fbinding-linux-arm-musleabihf set size:undefined disposed:false
865 silly fetch manifest @rolldown/binding-linux-arm64-gnu@1.0.0-rc.1
866 silly packumentCache full:https://registry.npmjs.org/@rolldown%2fbinding-linux-arm64-gnu cache-miss
867 http fetch GET 200 https://registry.npmjs.org/@rolldown%2fbinding-freebsd-x64 182ms (cache miss)
868 silly packumentCache full:https://registry.npmjs.org/@rolldown%2fbinding-freebsd-x64 set size:undefined disposed:false
869 silly fetch manifest @rolldown/binding-linux-arm64-musl@1.0.0-rc.1
870 silly packumentCache full:https://registry.npmjs.org/@rolldown%2fbinding-linux-arm64-musl cache-miss
871 http fetch GET 200 https://registry.npmjs.org/@rolldown%2fbinding-darwin-arm64 180ms (cache miss)
872 silly packumentCache full:https://registry.npmjs.org/@rolldown%2fbinding-darwin-arm64 set size:undefined disposed:false
873 silly fetch manifest @rolldown/binding-win32-arm64-msvc@1.0.0-rc.1
874 silly packumentCache full:https://registry.npmjs.org/@rolldown%2fbinding-win32-arm64-msvc cache-miss
875 http fetch GET 200 https://registry.npmjs.org/@rolldown%2fbinding-linux-x64-gnu 174ms (cache miss)
876 silly packumentCache full:https://registry.npmjs.org/@rolldown%2fbinding-linux-x64-gnu set size:undefined disposed:false
877 silly fetch manifest @rolldown/binding-openharmony-arm64@1.0.0-rc.1
878 silly packumentCache full:https://registry.npmjs.org/@rolldown%2fbinding-openharmony-arm64 cache-miss
879 http fetch GET 200 https://registry.npmjs.org/@rolldown%2fbinding-wasm32-wasi 215ms (cache miss)
880 silly packumentCache full:https://registry.npmjs.org/@rolldown%2fbinding-wasm32-wasi set size:undefined disposed:false
881 silly fetch manifest @rolldown/binding-linux-arm-gnueabihf@1.0.0-rc.1
882 silly packumentCache full:https://registry.npmjs.org/@rolldown%2fbinding-linux-arm-gnueabihf cache-miss
883 http fetch GET 200 https://registry.npmjs.org/@rolldown%2fbinding-linux-x64-musl 121ms (cache miss)
884 silly packumentCache full:https://registry.npmjs.org/@rolldown%2fbinding-linux-x64-musl set size:undefined disposed:false
885 silly fetch manifest @ts-morph/common@~0.11.0
886 silly packumentCache full:https://registry.npmjs.org/@ts-morph%2fcommon cache-miss
887 http fetch GET 200 https://registry.npmjs.org/@rolldown%2fbinding-linux-arm64-gnu 100ms (cache miss)
888 silly packumentCache full:https://registry.npmjs.org/@rolldown%2fbinding-linux-arm64-gnu set size:undefined disposed:false
889 silly fetch manifest code-block-writer@^10.1.1
890 silly packumentCache full:https://registry.npmjs.org/code-block-writer cache-miss
891 http fetch GET 200 https://registry.npmjs.org/@rolldown%2fbinding-openharmony-arm64 75ms (cache miss)
892 silly packumentCache full:https://registry.npmjs.org/@rolldown%2fbinding-openharmony-arm64 set size:undefined disposed:false
893 silly fetch manifest get-tsconfig@^4.7.5
894 silly packumentCache full:https://registry.npmjs.org/get-tsconfig cache-miss
895 http fetch GET 200 https://registry.npmjs.org/@rolldown%2fbinding-win32-x64-msvc 139ms (cache miss)
896 silly packumentCache full:https://registry.npmjs.org/@rolldown%2fbinding-win32-x64-msvc set size:undefined disposed:false
897 silly fetch manifest fsevents@~2.3.3
898 silly packumentCache full:https://registry.npmjs.org/fsevents cache-miss
899 http fetch GET 200 https://registry.npmjs.org/@rolldown%2fbinding-win32-arm64-msvc 134ms (cache miss)
900 silly packumentCache full:https://registry.npmjs.org/@rolldown%2fbinding-win32-arm64-msvc set size:undefined disposed:false
901 http fetch GET 200 https://registry.npmjs.org/@ts-morph%2fcommon 100ms (cache miss)
902 silly packumentCache full:https://registry.npmjs.org/@ts-morph%2fcommon set size:undefined disposed:false
903 http fetch GET 200 https://registry.npmjs.org/code-block-writer 77ms (cache miss)
904 silly packumentCache full:https://registry.npmjs.org/code-block-writer set size:undefined disposed:false
905 http fetch GET 200 https://registry.npmjs.org/get-tsconfig 70ms (cache miss)
906 silly packumentCache full:https://registry.npmjs.org/get-tsconfig set size:undefined disposed:false
907 http fetch GET 200 https://registry.npmjs.org/fsevents 65ms (cache miss)
908 silly packumentCache full:https://registry.npmjs.org/fsevents set size:undefined disposed:false
909 http fetch GET 200 https://registry.npmjs.org/@rolldown%2fbinding-linux-arm64-musl 194ms (cache miss)
910 silly packumentCache full:https://registry.npmjs.org/@rolldown%2fbinding-linux-arm64-musl set size:undefined disposed:false
911 http fetch GET 200 https://registry.npmjs.org/@rolldown%2fbinding-linux-arm-gnueabihf 162ms (cache miss)
912 silly packumentCache full:https://registry.npmjs.org/@rolldown%2fbinding-linux-arm-gnueabihf set size:undefined disposed:false
913 silly placeDep ROOT @vercel/oidc@3.8.9 OK for: @vercel/blob@2.8.0 want: ^3.6.1
914 silly placeDep ROOT async-retry@1.3.3 OK for: @vercel/blob@2.8.0 want: ^1.3.3
915 silly placeDep ROOT is-buffer@2.0.5 OK for: @vercel/blob@2.8.0 want: ^2.0.5
916 silly placeDep ROOT is-node-process@1.2.0 OK for: @vercel/blob@2.8.0 want: ^1.2.0
917 silly placeDep ROOT throttleit@2.1.0 OK for: @vercel/blob@2.8.0 want: ^2.1.0
918 silly placeDep node_modules/@vercel/blob undici@6.29.0 OK for: @vercel/blob@2.8.0 want: ^6.23.0
919 silly fetch manifest @vercel/cli-exec@1.0.1
920 silly packumentCache full:https://registry.npmjs.org/@vercel%2fcli-exec cache-miss
921 silly fetch manifest retry@0.13.1
922 silly packumentCache full:https://registry.npmjs.org/retry cache-miss
923 http fetch GET 200 https://registry.npmjs.org/retry 83ms (cache miss)
924 silly packumentCache full:https://registry.npmjs.org/retry set size:undefined disposed:false
925 http fetch GET 200 https://registry.npmjs.org/@vercel%2fcli-exec 233ms (cache miss)
926 silly packumentCache full:https://registry.npmjs.org/@vercel%2fcli-exec set size:undefined disposed:false
927 silly placeDep ROOT cjs-module-lexer@1.2.3 OK for: @vercel/build-utils@14.13.1 want: 1.2.3
928 silly placeDep ROOT es-module-lexer@1.5.0 OK for: @vercel/build-utils@14.13.1 want: 1.5.0
929 silly placeDep ROOT @napi-rs/keyring@1.2.0 OK for: @vercel/cli-auth@0.3.9 want: 1.2.0
930 silly placeDep ROOT async-listen@3.0.0 OK for: @vercel/cli-auth@0.3.9 want: 3.0.0
931 silly placeDep ROOT open@8.4.0 OK for: @vercel/cli-auth@0.3.9 want: 8.4.0
932 silly fetch manifest @napi-rs/keyring-darwin-x64@1.2.0
933 silly packumentCache full:https://registry.npmjs.org/@napi-rs%2fkeyring-darwin-x64 cache-miss
934 silly fetch manifest @napi-rs/keyring-freebsd-x64@1.2.0
935 silly packumentCache full:https://registry.npmjs.org/@napi-rs%2fkeyring-freebsd-x64 cache-miss
936 silly fetch manifest @napi-rs/keyring-darwin-arm64@1.2.0
937 silly packumentCache full:https://registry.npmjs.org/@napi-rs%2fkeyring-darwin-arm64 cache-miss
938 silly fetch manifest @napi-rs/keyring-linux-x64-gnu@1.2.0
939 silly packumentCache full:https://registry.npmjs.org/@napi-rs%2fkeyring-linux-x64-gnu cache-miss
940 silly fetch manifest @napi-rs/keyring-linux-x64-musl@1.2.0
941 silly packumentCache full:https://registry.npmjs.org/@napi-rs%2fkeyring-linux-x64-musl cache-miss
942 silly fetch manifest @napi-rs/keyring-win32-x64-msvc@1.2.0
943 silly packumentCache full:https://registry.npmjs.org/@napi-rs%2fkeyring-win32-x64-msvc cache-miss
944 silly fetch manifest @napi-rs/keyring-linux-arm64-gnu@1.2.0
945 silly packumentCache full:https://registry.npmjs.org/@napi-rs%2fkeyring-linux-arm64-gnu cache-miss
946 http fetch GET 200 https://registry.npmjs.org/@napi-rs%2fkeyring-darwin-x64 81ms (cache miss)
947 silly packumentCache full:https://registry.npmjs.org/@napi-rs%2fkeyring-darwin-x64 set size:undefined disposed:false
948 silly fetch manifest @napi-rs/keyring-win32-ia32-msvc@1.2.0
949 silly packumentCache full:https://registry.npmjs.org/@napi-rs%2fkeyring-win32-ia32-msvc cache-miss
950 http fetch GET 200 https://registry.npmjs.org/@napi-rs%2fkeyring-freebsd-x64 90ms (cache miss)
951 silly packumentCache full:https://registry.npmjs.org/@napi-rs%2fkeyring-freebsd-x64 set size:undefined disposed:false
952 silly fetch manifest @napi-rs/keyring-linux-arm64-musl@1.2.0
953 silly packumentCache full:https://registry.npmjs.org/@napi-rs%2fkeyring-linux-arm64-musl cache-miss
954 http fetch GET 200 https://registry.npmjs.org/@napi-rs%2fkeyring-darwin-arm64 96ms (cache miss)
955 silly packumentCache full:https://registry.npmjs.org/@napi-rs%2fkeyring-darwin-arm64 set size:undefined disposed:false
956 silly fetch manifest @napi-rs/keyring-win32-arm64-msvc@1.2.0
957 silly packumentCache full:https://registry.npmjs.org/@napi-rs%2fkeyring-win32-arm64-msvc cache-miss
958 http fetch GET 200 https://registry.npmjs.org/@napi-rs%2fkeyring-win32-x64-msvc 99ms (cache miss)
959 silly packumentCache full:https://registry.npmjs.org/@napi-rs%2fkeyring-win32-x64-msvc set size:undefined disposed:false
960 silly fetch manifest @napi-rs/keyring-linux-riscv64-gnu@1.2.0
961 silly packumentCache full:https://registry.npmjs.org/@napi-rs%2fkeyring-linux-riscv64-gnu cache-miss
962 http fetch GET 200 https://registry.npmjs.org/@napi-rs%2fkeyring-linux-arm64-gnu 103ms (cache miss)
963 silly packumentCache full:https://registry.npmjs.org/@napi-rs%2fkeyring-linux-arm64-gnu set size:undefined disposed:false
964 silly fetch manifest @napi-rs/keyring-linux-arm-gnueabihf@1.2.0
965 silly packumentCache full:https://registry.npmjs.org/@napi-rs%2fkeyring-linux-arm-gnueabihf cache-miss
966 http fetch GET 200 https://registry.npmjs.org/@napi-rs%2fkeyring-linux-x64-musl 114ms (cache miss)
967 silly packumentCache full:https://registry.npmjs.org/@napi-rs%2fkeyring-linux-x64-musl set size:undefined disposed:false
968 silly fetch manifest is-wsl@^2.2.0
969 silly packumentCache full:https://registry.npmjs.org/is-wsl cache-miss
970 http fetch GET 200 https://registry.npmjs.org/@napi-rs%2fkeyring-linux-arm64-musl 78ms (cache miss)
971 silly packumentCache full:https://registry.npmjs.org/@napi-rs%2fkeyring-linux-arm64-musl set size:undefined disposed:false
972 silly fetch manifest is-docker@^2.1.1
973 silly packumentCache full:https://registry.npmjs.org/is-docker cache-miss
974 http fetch GET 200 https://registry.npmjs.org/@napi-rs%2fkeyring-win32-ia32-msvc 96ms (cache miss)
975 silly packumentCache full:https://registry.npmjs.org/@napi-rs%2fkeyring-win32-ia32-msvc set size:undefined disposed:false
976 silly fetch manifest define-lazy-prop@^2.0.0
977 silly packumentCache full:https://registry.npmjs.org/define-lazy-prop cache-miss
978 http fetch GET 200 https://registry.npmjs.org/@napi-rs%2fkeyring-win32-arm64-msvc 83ms (cache miss)
979 silly packumentCache full:https://registry.npmjs.org/@napi-rs%2fkeyring-win32-arm64-msvc set size:undefined disposed:false
980 http fetch GET 200 https://registry.npmjs.org/@napi-rs%2fkeyring-linux-arm-gnueabihf 86ms (cache miss)
981 silly packumentCache full:https://registry.npmjs.org/@napi-rs%2fkeyring-linux-arm-gnueabihf set size:undefined disposed:false
982 http fetch GET 200 https://registry.npmjs.org/is-wsl 80ms (cache miss)
983 silly packumentCache full:https://registry.npmjs.org/is-wsl set size:undefined disposed:false
984 http fetch GET 200 https://registry.npmjs.org/@napi-rs%2fkeyring-linux-riscv64-gnu 97ms (cache miss)
985 silly packumentCache full:https://registry.npmjs.org/@napi-rs%2fkeyring-linux-riscv64-gnu set size:undefined disposed:false
986 http fetch GET 200 https://registry.npmjs.org/@napi-rs%2fkeyring-linux-x64-gnu 214ms (cache miss)
987 silly packumentCache full:https://registry.npmjs.org/@napi-rs%2fkeyring-linux-x64-gnu set size:undefined disposed:false
988 http fetch GET 200 https://registry.npmjs.org/define-lazy-prop 75ms (cache miss)
989 silly packumentCache full:https://registry.npmjs.org/define-lazy-prop set size:undefined disposed:false
990 http fetch GET 200 https://registry.npmjs.org/is-docker 86ms (cache miss)
991 silly packumentCache full:https://registry.npmjs.org/is-docker set size:undefined disposed:false
992 silly placeDep ROOT @napi-rs/keyring-darwin-arm64@1.2.0 OK for: @napi-rs/keyring@1.2.0 want: 1.2.0
993 silly placeDep ROOT @napi-rs/keyring-darwin-x64@1.2.0 OK for: @napi-rs/keyring@1.2.0 want: 1.2.0
994 silly placeDep ROOT @napi-rs/keyring-freebsd-x64@1.2.0 OK for: @napi-rs/keyring@1.2.0 want: 1.2.0
995 silly placeDep ROOT @napi-rs/keyring-linux-arm-gnueabihf@1.2.0 OK for: @napi-rs/keyring@1.2.0 want: 1.2.0
996 silly placeDep ROOT @napi-rs/keyring-linux-arm64-gnu@1.2.0 OK for: @napi-rs/keyring@1.2.0 want: 1.2.0
997 silly placeDep ROOT @napi-rs/keyring-linux-arm64-musl@1.2.0 OK for: @napi-rs/keyring@1.2.0 want: 1.2.0
998 silly placeDep ROOT @napi-rs/keyring-linux-riscv64-gnu@1.2.0 OK for: @napi-rs/keyring@1.2.0 want: 1.2.0
999 silly placeDep ROOT @napi-rs/keyring-linux-x64-gnu@1.2.0 OK for: @napi-rs/keyring@1.2.0 want: 1.2.0
1000 silly placeDep ROOT @napi-rs/keyring-linux-x64-musl@1.2.0 OK for: @napi-rs/keyring@1.2.0 want: 1.2.0
1001 silly placeDep ROOT @napi-rs/keyring-win32-arm64-msvc@1.2.0 OK for: @napi-rs/keyring@1.2.0 want: 1.2.0
1002 silly placeDep ROOT @napi-rs/keyring-win32-ia32-msvc@1.2.0 OK for: @napi-rs/keyring@1.2.0 want: 1.2.0
1003 silly placeDep ROOT @napi-rs/keyring-win32-x64-msvc@1.2.0 OK for: @napi-rs/keyring@1.2.0 want: 1.2.0
1004 silly placeDep ROOT xdg-app-paths@5.5.1 OK for: @vercel/cli-config@0.3.0 want: 5
1005 silly fetch manifest os-paths@^4.0.1
1006 silly packumentCache full:https://registry.npmjs.org/os-paths cache-miss
1007 silly fetch manifest xdg-portable@^7.2.0
1008 silly packumentCache full:https://registry.npmjs.org/xdg-portable cache-miss
1009 http fetch GET 200 https://registry.npmjs.org/xdg-portable 82ms (cache miss)
1010 silly packumentCache full:https://registry.npmjs.org/xdg-portable set size:undefined disposed:false
1011 http fetch GET 200 https://registry.npmjs.org/os-paths 96ms (cache miss)
1012 silly packumentCache full:https://registry.npmjs.org/os-paths set size:undefined disposed:false
1013 silly placeDep ROOT tar@7.5.11 OK for: @vercel/container@11.0.1 want: 7.5.11
1014 silly fetch manifest chownr@^3.0.0
1015 silly packumentCache full:https://registry.npmjs.org/chownr cache-miss
1016 silly fetch manifest yallist@^5.0.0
1017 silly packumentCache full:https://registry.npmjs.org/yallist cache-miss
1018 silly fetch manifest minipass@^7.1.2
1019 silly packumentCache full:https://registry.npmjs.org/minipass cache-miss
1020 silly fetch manifest minizlib@^3.1.0
1021 silly packumentCache full:https://registry.npmjs.org/minizlib cache-miss
1022 silly fetch manifest @isaacs/fs-minipass@^4.0.0
1023 silly packumentCache full:https://registry.npmjs.org/@isaacs%2ffs-minipass cache-miss
1024 http fetch GET 200 https://registry.npmjs.org/chownr 54ms (cache miss)
1025 silly packumentCache full:https://registry.npmjs.org/chownr set size:undefined disposed:false
1026 http fetch GET 200 https://registry.npmjs.org/minizlib 64ms (cache miss)
1027 silly packumentCache full:https://registry.npmjs.org/minizlib set size:undefined disposed:false
1028 http fetch GET 200 https://registry.npmjs.org/yallist 72ms (cache miss)
1029 silly packumentCache full:https://registry.npmjs.org/yallist set size:undefined disposed:false
1030 http fetch GET 200 https://registry.npmjs.org/@isaacs%2ffs-minipass 74ms (cache miss)
1031 silly packumentCache full:https://registry.npmjs.org/@isaacs%2ffs-minipass set size:undefined disposed:false
1032 http fetch GET 200 https://registry.npmjs.org/minipass 146ms (cache miss)
1033 silly packumentCache full:https://registry.npmjs.org/minipass set size:undefined disposed:false
1034 silly placeDep ROOT @vercel/cervel@0.1.70 OK for: @vercel/express@11.0.1 want: 0.1.70
1035 silly placeDep node_modules/@vercel/express zod@3.22.4 OK for: @vercel/express@11.0.1 want: 3.22.4
1036 silly placeDep ROOT @tootallnate/once@2.0.0 OK for: @vercel/fun@1.3.0 want: 2.0.0
1037 silly placeDep node_modules/@vercel/fun async-listen@1.2.0 OK for: @vercel/fun@1.3.0 want: 1.2.0
1038 silly placeDep ROOT debug@4.3.4 OK for: @vercel/fun@1.3.0 want: 4.3.4
1039 silly placeDep ROOT generic-pool@3.4.2 OK for: @vercel/fun@1.3.0 want: 3.4.2
1040 silly placeDep ROOT micro@9.3.5-canary.3 OK for: @vercel/fun@1.3.0 want: 9.3.5-canary.3
1041 silly placeDep ROOT ms@2.1.1 OK for: @vercel/fun@1.3.0 want: 2.1.1
1042 silly placeDep ROOT node-fetch@2.6.7 OK for: @vercel/fun@1.3.0 want: 2.6.7
1043 silly placeDep node_modules/@vercel/fun path-to-regexp@8.2.0 OK for: @vercel/fun@1.3.0 want: 8.2.0
1044 silly placeDep ROOT promisepipe@3.0.0 OK for: @vercel/fun@1.3.0 want: 3.0.0
1045 silly placeDep ROOT semver@7.5.4 OK for: @vercel/fun@1.3.0 want: 7.5.4
1046 silly placeDep ROOT stat-mode@0.3.0 OK for: @vercel/fun@1.3.0 want: 0.3.0
1047 silly placeDep ROOT stream-to-promise@2.2.0 OK for: @vercel/fun@1.3.0 want: 2.2.0
1048 silly placeDep node_modules/@vercel/fun tar@7.5.7 OK for: @vercel/fun@1.3.0 want: 7.5.7
1049 silly placeDep ROOT tinyexec@0.3.2 OK for: @vercel/fun@1.3.0 want: 0.3.2
1050 silly placeDep ROOT tree-kill@1.2.2 OK for: @vercel/fun@1.3.0 want: 1.2.2
1051 silly placeDep ROOT uid-promise@1.0.0 OK for: @vercel/fun@1.3.0 want: 1.0.0
1052 silly placeDep node_modules/@vercel/fun xdg-app-paths@5.1.0 OK for: @vercel/fun@1.3.0 want: 5.1.0
1053 silly placeDep ROOT yauzl-promise@2.1.3 OK for: @vercel/fun@1.3.0 want: 2.1.3
1054 silly fetch manifest ms@2.1.2
1055 silly packumentCache full:https://registry.npmjs.org/ms cache-hit
1056 silly fetch manifest arg@4.1.0
1057 silly packumentCache full:https://registry.npmjs.org/arg cache-miss
1058 silly fetch manifest raw-body@2.4.1
1059 silly packumentCache full:https://registry.npmjs.org/raw-body cache-miss
1060 silly fetch manifest content-type@1.0.4
1061 silly packumentCache full:https://registry.npmjs.org/content-type cache-miss
1062 silly fetch manifest whatwg-url@^5.0.0
1063 silly packumentCache full:https://registry.npmjs.org/whatwg-url cache-miss
1064 silly fetch manifest lru-cache@^6.0.0
1065 silly packumentCache full:https://registry.npmjs.org/lru-cache cache-miss
1066 silly fetch manifest any-promise@~1.3.0
1067 silly packumentCache full:https://registry.npmjs.org/any-promise cache-miss
1068 silly fetch manifest end-of-stream@~1.1.0
1069 silly packumentCache full:https://registry.npmjs.org/end-of-stream cache-miss
1070 http fetch GET 200 https://registry.npmjs.org/content-type 77ms (cache revalidated)
1071 silly packumentCache full:https://registry.npmjs.org/content-type set size:29578 disposed:false
1072 silly fetch manifest stream-to-array@~2.3.0
1073 silly packumentCache full:https://registry.npmjs.org/stream-to-array cache-miss
1074 http fetch GET 200 https://registry.npmjs.org/raw-body 86ms (cache revalidated)
1075 silly packumentCache full:https://registry.npmjs.org/raw-body set size:120042 disposed:false
1076 silly fetch manifest xdg-portable@^7.0.0
1077 silly packumentCache full:https://registry.npmjs.org/xdg-portable cache-miss
1078 http fetch GET 200 https://registry.npmjs.org/any-promise 92ms (cache miss)
1079 silly packumentCache full:https://registry.npmjs.org/any-promise set size:undefined disposed:false
1080 silly fetch manifest yauzl@^2.9.1
1081 silly packumentCache full:https://registry.npmjs.org/yauzl cache-miss
1082 http fetch GET 200 https://registry.npmjs.org/arg 96ms (cache miss)
1083 silly packumentCache full:https://registry.npmjs.org/arg set size:undefined disposed:false
1084 silly fetch manifest yauzl-clone@^1.0.4
1085 silly packumentCache full:https://registry.npmjs.org/yauzl-clone cache-miss
1086 http fetch GET 200 https://registry.npmjs.org/end-of-stream 100ms (cache miss)
1087 silly packumentCache full:https://registry.npmjs.org/end-of-stream set size:undefined disposed:false
1088 http fetch GET 200 https://registry.npmjs.org/whatwg-url 103ms (cache miss)
1089 silly packumentCache full:https://registry.npmjs.org/whatwg-url set size:undefined disposed:false
1090 http cache https://registry.npmjs.org/xdg-portable 18ms (cache hit)
1091 silly packumentCache full:https://registry.npmjs.org/xdg-portable set size:329210 disposed:false
1092 http fetch GET 200 https://registry.npmjs.org/lru-cache 113ms (cache miss)
1093 silly packumentCache full:https://registry.npmjs.org/lru-cache set size:undefined disposed:false
1094 http fetch GET 200 https://registry.npmjs.org/stream-to-array 57ms (cache miss)
1095 silly packumentCache full:https://registry.npmjs.org/stream-to-array set size:undefined disposed:false
1096 http fetch GET 200 https://registry.npmjs.org/yauzl-clone 65ms (cache miss)
1097 silly packumentCache full:https://registry.npmjs.org/yauzl-clone set size:undefined disposed:false
1098 http fetch GET 200 https://registry.npmjs.org/yauzl 89ms (cache miss)
1099 silly packumentCache full:https://registry.npmjs.org/yauzl set size:undefined disposed:false
1100 silly placeDep node_modules/@vercel/hono zod@3.22.4 OK for: @vercel/hono@11.0.1 want: 3.22.4
1101 silly placeDep ROOT @mapbox/node-pre-gyp@2.0.3 OK for: @vercel/nft@1.10.0 want: ^2.0.0
1102 silly placeDep ROOT @rollup/pluginutils@5.4.0 OK for: @vercel/nft@1.10.0 want: ^5.1.3
1103 silly placeDep ROOT acorn@8.18.0 OK for: @vercel/nft@1.10.0 want: ^8.6.0
1104 silly placeDep ROOT acorn-import-attributes@1.9.5 OK for: @vercel/nft@1.10.0 want: ^1.9.5
1105 silly placeDep ROOT async-sema@3.1.1 OK for: @vercel/nft@1.10.0 want: ^3.1.1
1106 silly placeDep ROOT bindings@1.5.0 OK for: @vercel/nft@1.10.0 want: ^1.4.0
1107 silly placeDep ROOT estree-walker@2.0.2 OK for: @vercel/nft@1.10.0 want: 2.0.2
1108 silly placeDep ROOT glob@13.0.6 OK for: @vercel/nft@1.10.0 want: ^13.0.0
1109 silly placeDep ROOT graceful-fs@4.2.11 OK for: @vercel/nft@1.10.0 want: ^4.2.9
1110 silly placeDep ROOT node-gyp-build@4.8.4 OK for: @vercel/nft@1.10.0 want: ^4.2.2
1111 silly placeDep ROOT picomatch@4.0.7 OK for: @vercel/nft@1.10.0 want: ^4.0.2
1112 silly placeDep ROOT resolve-from@5.0.0 OK for: @vercel/nft@1.10.0 want: ^5.0.0
1113 silly fetch manifest nopt@^8.0.0
1114 silly packumentCache full:https://registry.npmjs.org/nopt cache-miss
1115 silly fetch manifest consola@^3.2.3
1116 silly packumentCache full:https://registry.npmjs.org/consola cache-miss
1117 silly fetch manifest detect-libc@^2.0.0
1118 silly packumentCache full:https://registry.npmjs.org/detect-libc cache-miss
1119 silly fetch manifest https-proxy-agent@^7.0.5
1120 silly packumentCache full:https://registry.npmjs.org/https-proxy-agent cache-miss
1121 silly fetch manifest @types/estree@^1.0.0
1122 silly packumentCache full:https://registry.npmjs.org/@types%2festree cache-miss
1123 silly fetch manifest estree-walker@^2.0.2
1124 silly packumentCache full:https://registry.npmjs.org/estree-walker cache-miss
1125 silly fetch manifest file-uri-to-path@1.0.0
1126 silly packumentCache full:https://registry.npmjs.org/file-uri-to-path cache-miss
1127 http cache https://registry.npmjs.org/estree-walker 7ms (cache hit)
1128 silly packumentCache full:https://registry.npmjs.org/estree-walker set size:60887 disposed:false
1129 silly fetch manifest minimatch@^10.2.2
1130 silly packumentCache full:https://registry.npmjs.org/minimatch cache-miss
1131 http cache https://registry.npmjs.org/minimatch 3ms (cache hit)
1132 silly packumentCache full:https://registry.npmjs.org/minimatch set size:377924 disposed:false
1133 silly fetch manifest minipass@^7.1.3
1134 silly packumentCache full:https://registry.npmjs.org/minipass cache-miss
1135 http cache https://registry.npmjs.org/minipass 2ms (cache hit)
1136 silly packumentCache full:https://registry.npmjs.org/minipass set size:276925 disposed:false
1137 silly fetch manifest path-scurry@^2.0.2
1138 silly packumentCache full:https://registry.npmjs.org/path-scurry cache-miss
1139 http fetch GET 200 https://registry.npmjs.org/https-proxy-agent 53ms (cache revalidated)
1140 silly packumentCache full:https://registry.npmjs.org/https-proxy-agent set size:83792 disposed:false
1141 http fetch GET 200 https://registry.npmjs.org/nopt 81ms (cache miss)
1142 silly packumentCache full:https://registry.npmjs.org/nopt set size:undefined disposed:false
1143 http fetch GET 200 https://registry.npmjs.org/@types%2festree 87ms (cache miss)
1144 silly packumentCache full:https://registry.npmjs.org/@types%2festree set size:undefined disposed:false
1145 http fetch GET 200 https://registry.npmjs.org/file-uri-to-path 88ms (cache miss)
1146 silly packumentCache full:https://registry.npmjs.org/file-uri-to-path set size:undefined disposed:false
1147 http fetch GET 200 https://registry.npmjs.org/detect-libc 91ms (cache miss)
1148 silly packumentCache full:https://registry.npmjs.org/detect-libc set size:undefined disposed:false
1149 http fetch GET 200 https://registry.npmjs.org/path-scurry 66ms (cache miss)
1150 silly packumentCache full:https://registry.npmjs.org/path-scurry set size:undefined disposed:false
1151 http fetch GET 200 https://registry.npmjs.org/consola 242ms (cache miss)
1152 silly packumentCache full:https://registry.npmjs.org/consola set size:undefined disposed:false
1153 silly placeDep ROOT consola@3.4.2 OK for: @mapbox/node-pre-gyp@2.0.3 want: ^3.2.3
1154 silly placeDep ROOT detect-libc@2.1.2 OK for: @mapbox/node-pre-gyp@2.0.3 want: ^2.0.0
1155 silly placeDep ROOT https-proxy-agent@7.0.6 OK for: @mapbox/node-pre-gyp@2.0.3 want: ^7.0.5
1156 silly placeDep ROOT nopt@8.1.0 OK for: @mapbox/node-pre-gyp@2.0.3 want: ^8.0.0
1157 silly fetch manifest agent-base@^7.1.2
1158 silly packumentCache full:https://registry.npmjs.org/agent-base cache-miss
1159 silly fetch manifest abbrev@^3.0.0
1160 silly packumentCache full:https://registry.npmjs.org/abbrev cache-miss
1161 http fetch GET 200 https://registry.npmjs.org/abbrev 58ms (cache miss)
1162 silly packumentCache full:https://registry.npmjs.org/abbrev set size:undefined disposed:false
1163 http fetch GET 200 https://registry.npmjs.org/agent-base 65ms (cache revalidated)
1164 silly packumentCache full:https://registry.npmjs.org/agent-base set size:72085 disposed:false
1165 silly placeDep ROOT @types/estree@1.0.9 OK for: @rollup/pluginutils@5.4.0 want: ^1.0.0
1166 silly placeDep ROOT @edge-runtime/node-utils@2.3.0 OK for: @vercel/node@16.0.1 want: 2.3.0
1167 silly placeDep ROOT @edge-runtime/primitives@4.1.0 OK for: @vercel/node@16.0.1 want: 4.1.0
1168 silly placeDep ROOT @edge-runtime/vm@3.2.0 OK for: @vercel/node@16.0.1 want: 3.2.0
1169 silly placeDep ROOT @types/node@20.11.0 OK for: @vercel/node@16.0.1 want: 20.11.0
1170 silly placeDep ROOT @vercel/error-utils@2.2.1 OK for: @vercel/node@16.0.1 want: 2.2.1
1171 silly placeDep ROOT edge-runtime@2.5.9 OK for: @vercel/node@16.0.1 want: 2.5.9
1172 silly placeDep node_modules/@vercel/node es-module-lexer@1.4.1 OK for: @vercel/node@16.0.1 want: 1.4.1
1173 silly placeDep ROOT etag@1.8.1 OK for: @vercel/node@16.0.1 want: 1.8.1
1174 silly placeDep ROOT mime-types@2.1.35 OK for: @vercel/node@16.0.1 want: 2.1.35
1175 silly placeDep node_modules/@vercel/node node-fetch@2.6.9 OK for: @vercel/node@16.0.1 want: 2.6.9
1176 silly placeDep node_modules/@vercel/node path-to-regexp@6.1.0 OK for: @vercel/node@16.0.1 want: 6.1.0
1177 silly placeDep ROOT path-to-regexp-updated@6.3.0 OK for: @vercel/node@16.0.1 want: npm:path-to-regexp@6.3.0
1178 silly placeDep ROOT typescript@5.9.3 OK for: @vercel/node@16.0.1 want: npm:typescript@5.9.3
1179 silly placeDep node_modules/@vercel/node undici@5.28.4 OK for: @vercel/node@16.0.1 want: 5.28.4
1180 silly fetch manifest undici-types@~5.26.4
1181 silly packumentCache full:https://registry.npmjs.org/undici-types cache-miss
1182 silly fetch manifest mri@1.2.0
1183 silly packumentCache full:https://registry.npmjs.org/mri cache-miss
1184 silly fetch manifest pretty-ms@7.0.1
1185 silly packumentCache full:https://registry.npmjs.org/pretty-ms cache-miss
1186 silly fetch manifest time-span@4.0.0
1187 silly packumentCache full:https://registry.npmjs.org/time-span cache-miss
1188 silly fetch manifest picocolors@1.0.0
1189 silly packumentCache full:https://registry.npmjs.org/picocolors cache-miss
1190 silly fetch manifest signal-exit@4.0.2
1191 silly packumentCache full:https://registry.npmjs.org/signal-exit cache-miss
1192 silly fetch manifest async-listen@3.0.1
1193 silly packumentCache full:https://registry.npmjs.org/async-listen cache-hit
1194 silly fetch manifest @edge-runtime/format@2.2.1
1195 silly packumentCache full:https://registry.npmjs.org/@edge-runtime%2fformat cache-miss
1196 http cache https://registry.npmjs.org/signal-exit 7ms (cache hit)
1197 silly packumentCache full:https://registry.npmjs.org/signal-exit set size:53489 disposed:false
1198 silly fetch manifest @edge-runtime/ponyfill@2.4.2
1199 silly packumentCache full:https://registry.npmjs.org/@edge-runtime%2fponyfill cache-miss
1200 http fetch GET 200 https://registry.npmjs.org/picocolors 68ms (cache miss)
1201 silly packumentCache full:https://registry.npmjs.org/picocolors set size:undefined disposed:false
1202 silly fetch manifest mime-db@1.52.0
1203 silly packumentCache full:https://registry.npmjs.org/mime-db cache-miss
1204 http fetch GET 200 https://registry.npmjs.org/time-span 75ms (cache miss)
1205 silly packumentCache full:https://registry.npmjs.org/time-span set size:undefined disposed:false
1206 http fetch GET 200 https://registry.npmjs.org/pretty-ms 79ms (cache miss)
1207 silly packumentCache full:https://registry.npmjs.org/pretty-ms set size:undefined disposed:false
1208 http fetch GET 200 https://registry.npmjs.org/undici-types 91ms (cache miss)
1209 silly packumentCache full:https://registry.npmjs.org/undici-types set size:undefined disposed:false
1210 http fetch GET 200 https://registry.npmjs.org/mri 99ms (cache miss)
1211 silly packumentCache full:https://registry.npmjs.org/mri set size:undefined disposed:false
1212 http fetch GET 200 https://registry.npmjs.org/@edge-runtime%2fponyfill 89ms (cache miss)
1213 silly packumentCache full:https://registry.npmjs.org/@edge-runtime%2fponyfill set size:undefined disposed:false
1214 http fetch GET 200 https://registry.npmjs.org/@edge-runtime%2fformat 99ms (cache miss)
1215 silly packumentCache full:https://registry.npmjs.org/@edge-runtime%2fformat set size:undefined disposed:false
1216 http fetch GET 200 https://registry.npmjs.org/mime-db 68ms (cache revalidated)
1217 silly packumentCache full:https://registry.npmjs.org/mime-db set size:164953 disposed:false
1218 silly placeDep ROOT undici-types@5.26.5 OK for: @types/node@20.11.0 want: ~5.26.4
1219 silly placeDep ROOT @vercel/cli-exec@1.0.1 OK for: @vercel/oidc@3.8.9 want: 1.0.1
1220 silly fetch manifest execa@5.1.1
1221 silly packumentCache full:https://registry.npmjs.org/execa cache-hit
1222 silly placeDep node_modules/@vercel/cli-exec execa@5.1.1 OK for: @vercel/cli-exec@1.0.1 want: 5.1.1
1223 silly fetch manifest onetime@^5.1.2
1224 silly packumentCache full:https://registry.npmjs.org/onetime cache-miss
1225 silly fetch manifest get-stream@^6.0.0
1226 silly packumentCache full:https://registry.npmjs.org/get-stream cache-miss
1227 silly fetch manifest cross-spawn@^7.0.3
1228 silly packumentCache full:https://registry.npmjs.org/cross-spawn cache-miss
1229 silly fetch manifest signal-exit@^3.0.3
1230 silly packumentCache full:https://registry.npmjs.org/signal-exit cache-hit
1231 silly fetch manifest npm-run-path@^4.0.1
1232 silly packumentCache full:https://registry.npmjs.org/npm-run-path cache-miss
1233 silly fetch manifest human-signals@^2.1.0
1234 silly packumentCache full:https://registry.npmjs.org/human-signals cache-miss
1235 http cache https://registry.npmjs.org/onetime 20ms (cache hit)
1236 silly packumentCache full:https://registry.npmjs.org/onetime set size:32314 disposed:false
1237 http cache https://registry.npmjs.org/get-stream 20ms (cache hit)
1238 silly packumentCache full:https://registry.npmjs.org/get-stream set size:57536 disposed:false
1239 http cache https://registry.npmjs.org/npm-run-path 20ms (cache hit)
1240 silly packumentCache full:https://registry.npmjs.org/npm-run-path set size:33596 disposed:false
1241 http cache https://registry.npmjs.org/cross-spawn 22ms (cache hit)
1242 silly packumentCache full:https://registry.npmjs.org/cross-spawn set size:109066 disposed:false
1243 http cache https://registry.npmjs.org/human-signals 22ms (cache hit)
1244 silly packumentCache full:https://registry.npmjs.org/human-signals set size:47322 disposed:false
1245 silly placeDep ROOT @bytecodealliance/preview2-shim@0.17.6 OK for: @vercel/python-analysis@0.14.0 want: 0.17.6
1246 silly placeDep ROOT @renovatebot/pep440@4.2.1 OK for: @vercel/python-analysis@0.14.0 want: 4.2.1
1247 silly placeDep node_modules/@vercel/python-analysis fs-extra@11.1.1 OK for: @vercel/python-analysis@0.14.0 want: 11.1.1
1248 silly placeDep ROOT js-yaml@4.1.1 OK for: @vercel/python-analysis@0.14.0 want: 4.1.1
1249 silly placeDep ROOT minimatch@10.1.1 OK for: @vercel/python-analysis@0.14.0 want: 10.1.1
1250 silly placeDep node_modules/@vercel/python-analysis zod@3.22.4 OK for: @vercel/python-analysis@0.14.0 want: 3.22.4
1251 silly fetch manifest argparse@^2.0.1
1252 silly packumentCache full:https://registry.npmjs.org/argparse cache-miss
1253 silly fetch manifest @isaacs/brace-expansion@^5.0.0
1254 silly packumentCache full:https://registry.npmjs.org/@isaacs%2fbrace-expansion cache-miss
1255 http fetch GET 200 https://registry.npmjs.org/argparse 56ms (cache miss)
1256 silly packumentCache full:https://registry.npmjs.org/argparse set size:undefined disposed:false
1257 http fetch GET 200 https://registry.npmjs.org/@isaacs%2fbrace-expansion 74ms (cache miss)
1258 silly packumentCache full:https://registry.npmjs.org/@isaacs%2fbrace-expansion set size:undefined disposed:false
1259 silly placeDep node_modules/@vercel/redwood semver@6.3.1 OK for: @vercel/redwood@13.0.1 want: 6.3.1
1260 silly placeDep node_modules/@vercel/remix-builder path-to-regexp@6.1.0 OK for: @vercel/remix-builder@16.0.1 want: 6.1.0
1261 silly placeDep node_modules/@vercel/rust execa@5.1.1 OK for: @vercel/rust@12.0.1 want: 5
1262 silly placeDep ROOT @vercel/gatsby-plugin-vercel-analytics@1.0.12 OK for: @vercel/static-build@13.0.1 want: 1.0.12
1263 silly placeDep ROOT @vercel/gatsby-plugin-vercel-builder@2.2.62 OK for: @vercel/static-build@13.0.1 want: 2.2.62
1264 silly fetch manifest web-vitals@0.2.4
1265 silly packumentCache full:https://registry.npmjs.org/web-vitals cache-miss
1266 silly fetch manifest @sinclair/typebox@0.25.24
1267 silly packumentCache full:https://registry.npmjs.org/@sinclair%2ftypebox cache-miss
1268 http fetch GET 200 https://registry.npmjs.org/web-vitals 107ms (cache miss)
1269 silly packumentCache full:https://registry.npmjs.org/web-vitals set size:undefined disposed:false
1270 http fetch GET 200 https://registry.npmjs.org/@sinclair%2ftypebox 154ms (cache miss)
1271 silly packumentCache full:https://registry.npmjs.org/@sinclair%2ftypebox set size:undefined disposed:false
1272 silly placeDep ROOT web-vitals@0.2.4 OK for: @vercel/gatsby-plugin-vercel-analytics@1.0.12 want: 0.2.4
1273 silly placeDep ROOT @sinclair/typebox@0.25.24 OK for: @vercel/gatsby-plugin-vercel-builder@2.2.62 want: 0.25.24
1274 silly placeDep ROOT ajv@8.6.3 OK for: @vercel/static-config@3.4.3 want: 8.6.3
1275 silly placeDep ROOT json-schema-to-ts@1.6.4 OK for: @vercel/static-config@3.4.3 want: 1.6.4
1276 silly placeDep ROOT oxc-parser@0.121.0 OK for: @vercel/static-config@3.4.3 want: 0.121.0
1277 silly fetch manifest uri-js@^4.2.2
1278 silly packumentCache full:https://registry.npmjs.org/uri-js cache-miss
1279 silly fetch manifest fast-deep-equal@^3.1.1
1280 silly packumentCache full:https://registry.npmjs.org/fast-deep-equal cache-miss
1281 silly fetch manifest require-from-string@^2.0.2
1282 silly packumentCache full:https://registry.npmjs.org/require-from-string cache-miss
1283 silly fetch manifest json-schema-traverse@^1.0.0
1284 silly packumentCache full:https://registry.npmjs.org/json-schema-traverse cache-miss
1285 silly fetch manifest ts-toolbelt@^6.15.5
1286 silly packumentCache full:https://registry.npmjs.org/ts-toolbelt cache-miss
1287 silly fetch manifest @types/json-schema@^7.0.6
1288 silly packumentCache full:https://registry.npmjs.org/@types%2fjson-schema cache-miss
1289 silly fetch manifest @oxc-project/types@^0.121.0
1290 silly packumentCache full:https://registry.npmjs.org/@oxc-project%2ftypes cache-miss
1291 http cache https://registry.npmjs.org/@oxc-project%2ftypes 8ms (cache hit)
1292 silly packumentCache full:https://registry.npmjs.org/@oxc-project%2ftypes set size:260338 disposed:false
1293 silly fetch manifest @oxc-parser/binding-darwin-x64@0.121.0
1294 silly packumentCache full:https://registry.npmjs.org/@oxc-parser%2fbinding-darwin-x64 cache-miss
1295 http fetch GET 200 https://registry.npmjs.org/json-schema-traverse 82ms (cache miss)
1296 silly packumentCache full:https://registry.npmjs.org/json-schema-traverse set size:undefined disposed:false
1297 silly fetch manifest @oxc-parser/binding-freebsd-x64@0.121.0
1298 silly packumentCache full:https://registry.npmjs.org/@oxc-parser%2fbinding-freebsd-x64 cache-miss
1299 http fetch GET 200 https://registry.npmjs.org/uri-js 87ms (cache miss)
1300 silly packumentCache full:https://registry.npmjs.org/uri-js set size:undefined disposed:false
1301 silly fetch manifest @oxc-parser/binding-wasm32-wasi@0.121.0
1302 silly packumentCache full:https://registry.npmjs.org/@oxc-parser%2fbinding-wasm32-wasi cache-miss
1303 http fetch GET 200 https://registry.npmjs.org/fast-deep-equal 90ms (cache miss)
1304 silly packumentCache full:https://registry.npmjs.org/fast-deep-equal set size:undefined disposed:false
1305 silly fetch manifest @oxc-parser/binding-darwin-arm64@0.121.0
1306 silly packumentCache full:https://registry.npmjs.org/@oxc-parser%2fbinding-darwin-arm64 cache-miss
1307 http fetch GET 200 https://registry.npmjs.org/require-from-string 92ms (cache miss)
1308 silly packumentCache full:https://registry.npmjs.org/require-from-string set size:undefined disposed:false
1309 silly fetch manifest @oxc-parser/binding-android-arm64@0.121.0
1310 silly packumentCache full:https://registry.npmjs.org/@oxc-parser%2fbinding-android-arm64 cache-miss
1311 http fetch GET 200 https://registry.npmjs.org/@types%2fjson-schema 105ms (cache miss)
1312 silly packumentCache full:https://registry.npmjs.org/@types%2fjson-schema set size:undefined disposed:false
1313 silly fetch manifest @oxc-parser/binding-linux-x64-gnu@0.121.0
1314 silly packumentCache full:https://registry.npmjs.org/@oxc-parser%2fbinding-linux-x64-gnu cache-miss
1315 http fetch GET 200 https://registry.npmjs.org/@oxc-parser%2fbinding-darwin-x64 123ms (cache miss)
1316 silly packumentCache full:https://registry.npmjs.org/@oxc-parser%2fbinding-darwin-x64 set size:undefined disposed:false
1317 silly fetch manifest @oxc-parser/binding-linux-x64-musl@0.121.0
1318 silly packumentCache full:https://registry.npmjs.org/@oxc-parser%2fbinding-linux-x64-musl cache-miss
1319 http fetch GET 200 https://registry.npmjs.org/@oxc-parser%2fbinding-freebsd-x64 66ms (cache miss)
1320 silly packumentCache full:https://registry.npmjs.org/@oxc-parser%2fbinding-freebsd-x64 set size:undefined disposed:false
1321 silly fetch manifest @oxc-parser/binding-win32-x64-msvc@0.121.0
1322 silly packumentCache full:https://registry.npmjs.org/@oxc-parser%2fbinding-win32-x64-msvc cache-miss
1323 http fetch GET 200 https://registry.npmjs.org/@oxc-parser%2fbinding-wasm32-wasi 77ms (cache miss)
1324 silly packumentCache full:https://registry.npmjs.org/@oxc-parser%2fbinding-wasm32-wasi set size:undefined disposed:false
1325 silly fetch manifest @oxc-parser/binding-linux-arm64-gnu@0.121.0
1326 silly packumentCache full:https://registry.npmjs.org/@oxc-parser%2fbinding-linux-arm64-gnu cache-miss
1327 http fetch GET 200 https://registry.npmjs.org/@oxc-parser%2fbinding-android-arm64 84ms (cache miss)
1328 silly packumentCache full:https://registry.npmjs.org/@oxc-parser%2fbinding-android-arm64 set size:undefined disposed:false
1329 silly fetch manifest @oxc-parser/binding-linux-ppc64-gnu@0.121.0
1330 silly packumentCache full:https://registry.npmjs.org/@oxc-parser%2fbinding-linux-ppc64-gnu cache-miss
1331 http fetch GET 200 https://registry.npmjs.org/@oxc-parser%2fbinding-darwin-arm64 89ms (cache miss)
1332 silly packumentCache full:https://registry.npmjs.org/@oxc-parser%2fbinding-darwin-arm64 set size:undefined disposed:false
1333 silly fetch manifest @oxc-parser/binding-linux-s390x-gnu@0.121.0
1334 silly packumentCache full:https://registry.npmjs.org/@oxc-parser%2fbinding-linux-s390x-gnu cache-miss
1335 http fetch GET 200 https://registry.npmjs.org/@oxc-parser%2fbinding-linux-x64-gnu 92ms (cache miss)
1336 silly packumentCache full:https://registry.npmjs.org/@oxc-parser%2fbinding-linux-x64-gnu set size:undefined disposed:false
1337 silly fetch manifest @oxc-parser/binding-win32-ia32-msvc@0.121.0
1338 silly packumentCache full:https://registry.npmjs.org/@oxc-parser%2fbinding-win32-ia32-msvc cache-miss
1339 http fetch GET 200 https://registry.npmjs.org/@oxc-parser%2fbinding-win32-x64-msvc 84ms (cache miss)
1340 silly packumentCache full:https://registry.npmjs.org/@oxc-parser%2fbinding-win32-x64-msvc set size:undefined disposed:false
1341 silly fetch manifest @oxc-parser/binding-android-arm-eabi@0.121.0
1342 silly packumentCache full:https://registry.npmjs.org/@oxc-parser%2fbinding-android-arm-eabi cache-miss
1343 http fetch GET 200 https://registry.npmjs.org/@oxc-parser%2fbinding-linux-ppc64-gnu 87ms (cache miss)
1344 silly packumentCache full:https://registry.npmjs.org/@oxc-parser%2fbinding-linux-ppc64-gnu set size:undefined disposed:false
1345 silly fetch manifest @oxc-parser/binding-linux-arm64-musl@0.121.0
1346 silly packumentCache full:https://registry.npmjs.org/@oxc-parser%2fbinding-linux-arm64-musl cache-miss
1347 http fetch GET 200 https://registry.npmjs.org/@oxc-parser%2fbinding-linux-s390x-gnu 87ms (cache miss)
1348 silly packumentCache full:https://registry.npmjs.org/@oxc-parser%2fbinding-linux-s390x-gnu set size:undefined disposed:false
1349 silly fetch manifest @oxc-parser/binding-win32-arm64-msvc@0.121.0
1350 silly packumentCache full:https://registry.npmjs.org/@oxc-parser%2fbinding-win32-arm64-msvc cache-miss
1351 http fetch GET 200 https://registry.npmjs.org/@oxc-parser%2fbinding-linux-arm64-gnu 108ms (cache miss)
1352 silly packumentCache full:https://registry.npmjs.org/@oxc-parser%2fbinding-linux-arm64-gnu set size:undefined disposed:false
1353 silly fetch manifest @oxc-parser/binding-linux-riscv64-gnu@0.121.0
1354 silly packumentCache full:https://registry.npmjs.org/@oxc-parser%2fbinding-linux-riscv64-gnu cache-miss
1355 http fetch GET 200 https://registry.npmjs.org/@oxc-parser%2fbinding-linux-x64-musl 144ms (cache miss)
1356 silly packumentCache full:https://registry.npmjs.org/@oxc-parser%2fbinding-linux-x64-musl set size:undefined disposed:false
1357 silly fetch manifest @oxc-parser/binding-openharmony-arm64@0.121.0
1358 silly packumentCache full:https://registry.npmjs.org/@oxc-parser%2fbinding-openharmony-arm64 cache-miss
1359 http fetch GET 200 https://registry.npmjs.org/@oxc-parser%2fbinding-win32-ia32-msvc 90ms (cache miss)
1360 silly packumentCache full:https://registry.npmjs.org/@oxc-parser%2fbinding-win32-ia32-msvc set size:undefined disposed:false
1361 silly fetch manifest @oxc-parser/binding-linux-riscv64-musl@0.121.0
1362 silly packumentCache full:https://registry.npmjs.org/@oxc-parser%2fbinding-linux-riscv64-musl cache-miss
1363 http fetch GET 200 https://registry.npmjs.org/ts-toolbelt 300ms (cache miss)
1364 silly packumentCache full:https://registry.npmjs.org/ts-toolbelt set size:undefined disposed:false
1365 silly fetch manifest @oxc-parser/binding-linux-arm-gnueabihf@0.121.0
1366 silly packumentCache full:https://registry.npmjs.org/@oxc-parser%2fbinding-linux-arm-gnueabihf cache-miss
1367 http fetch GET 200 https://registry.npmjs.org/@oxc-parser%2fbinding-android-arm-eabi 134ms (cache miss)
1368 silly packumentCache full:https://registry.npmjs.org/@oxc-parser%2fbinding-android-arm-eabi set size:undefined disposed:false
1369 silly fetch manifest @oxc-parser/binding-linux-arm-musleabihf@0.121.0
1370 silly packumentCache full:https://registry.npmjs.org/@oxc-parser%2fbinding-linux-arm-musleabihf cache-miss
1371 http fetch GET 200 https://registry.npmjs.org/@oxc-parser%2fbinding-openharmony-arm64 88ms (cache miss)
1372 silly packumentCache full:https://registry.npmjs.org/@oxc-parser%2fbinding-openharmony-arm64 set size:undefined disposed:false
1373 http fetch GET 200 https://registry.npmjs.org/@oxc-parser%2fbinding-linux-riscv64-gnu 102ms (cache miss)
1374 silly packumentCache full:https://registry.npmjs.org/@oxc-parser%2fbinding-linux-riscv64-gnu set size:undefined disposed:false
1375 http fetch GET 200 https://registry.npmjs.org/@oxc-parser%2fbinding-win32-arm64-msvc 112ms (cache miss)
1376 silly packumentCache full:https://registry.npmjs.org/@oxc-parser%2fbinding-win32-arm64-msvc set size:undefined disposed:false
1377 http fetch GET 200 https://registry.npmjs.org/@oxc-parser%2fbinding-linux-arm64-musl 124ms (cache miss)
1378 silly packumentCache full:https://registry.npmjs.org/@oxc-parser%2fbinding-linux-arm64-musl set size:undefined disposed:false
1379 http fetch GET 200 https://registry.npmjs.org/@oxc-parser%2fbinding-linux-riscv64-musl 107ms (cache miss)
1380 silly packumentCache full:https://registry.npmjs.org/@oxc-parser%2fbinding-linux-riscv64-musl set size:undefined disposed:false
1381 http fetch GET 200 https://registry.npmjs.org/@oxc-parser%2fbinding-linux-arm-musleabihf 73ms (cache miss)
1382 silly packumentCache full:https://registry.npmjs.org/@oxc-parser%2fbinding-linux-arm-musleabihf set size:undefined disposed:false
1383 http fetch GET 200 https://registry.npmjs.org/@oxc-parser%2fbinding-linux-arm-gnueabihf 101ms (cache miss)
1384 silly packumentCache full:https://registry.npmjs.org/@oxc-parser%2fbinding-linux-arm-gnueabihf set size:undefined disposed:false
1385 silly placeDep ROOT fast-deep-equal@3.1.3 OK for: ajv@8.6.3 want: ^3.1.1
1386 silly placeDep ROOT json-schema-traverse@1.0.0 OK for: ajv@8.6.3 want: ^1.0.0
1387 silly placeDep ROOT require-from-string@2.0.2 OK for: ajv@8.6.3 want: ^2.0.2
1388 silly placeDep ROOT uri-js@4.4.1 OK for: ajv@8.6.3 want: ^4.2.2
1389 silly fetch manifest punycode@^2.1.0
1390 silly packumentCache full:https://registry.npmjs.org/punycode cache-miss
1391 http fetch GET 200 https://registry.npmjs.org/punycode 67ms (cache miss)
1392 silly packumentCache full:https://registry.npmjs.org/punycode set size:undefined disposed:false
1393 silly placeDep ROOT retry@0.13.1 OK for: async-retry@1.3.3 want: 0.13.1
1394 silly placeDep ROOT file-uri-to-path@1.0.0 OK for: bindings@1.5.0 want: 1.0.0
1395 silly placeDep ROOT readdirp@4.1.2 OK for: chokidar@4.0.0 want: ^4.0.1
1396 silly placeDep node_modules/debug ms@2.1.2 OK for: debug@4.3.4 want: 2.1.2
1397 silly placeDep ROOT @edge-runtime/format@2.2.1 OK for: edge-runtime@2.5.9 want: 2.2.1
1398 silly placeDep ROOT @edge-runtime/ponyfill@2.4.2 OK for: edge-runtime@2.5.9 want: 2.4.2
1399 silly placeDep node_modules/edge-runtime async-listen@3.0.1 OK for: edge-runtime@2.5.9 want: 3.0.1
1400 silly placeDep ROOT mri@1.2.0 OK for: edge-runtime@2.5.9 want: 1.2.0
1401 silly placeDep ROOT picocolors@1.0.0 OK for: edge-runtime@2.5.9 want: 1.0.0
1402 silly placeDep ROOT pretty-ms@7.0.1 OK for: edge-runtime@2.5.9 want: 7.0.1
1403 silly placeDep ROOT signal-exit@4.0.2 OK for: edge-runtime@2.5.9 want: 4.0.2
1404 silly placeDep ROOT time-span@4.0.0 OK for: edge-runtime@2.5.9 want: 4.0.0
1405 silly fetch manifest parse-ms@^2.1.0
1406 silly packumentCache full:https://registry.npmjs.org/parse-ms cache-miss
1407 silly fetch manifest convert-hrtime@^3.0.0
1408 silly packumentCache full:https://registry.npmjs.org/convert-hrtime cache-miss
1409 http fetch GET 200 https://registry.npmjs.org/parse-ms 64ms (cache miss)
1410 silly packumentCache full:https://registry.npmjs.org/parse-ms set size:undefined disposed:false
1411 http fetch GET 200 https://registry.npmjs.org/convert-hrtime 71ms (cache miss)
1412 silly packumentCache full:https://registry.npmjs.org/convert-hrtime set size:undefined disposed:false
1413 silly placeDep ROOT @esbuild/aix-ppc64@0.27.0 OK for: esbuild@0.27.0 want: 0.27.0
1414 silly placeDep ROOT @esbuild/android-arm@0.27.0 OK for: esbuild@0.27.0 want: 0.27.0
1415 silly placeDep ROOT @esbuild/android-arm64@0.27.0 OK for: esbuild@0.27.0 want: 0.27.0
1416 silly placeDep ROOT @esbuild/android-x64@0.27.0 OK for: esbuild@0.27.0 want: 0.27.0
1417 silly placeDep ROOT @esbuild/darwin-arm64@0.27.0 OK for: esbuild@0.27.0 want: 0.27.0
1418 silly placeDep ROOT @esbuild/darwin-x64@0.27.0 OK for: esbuild@0.27.0 want: 0.27.0
1419 silly placeDep ROOT @esbuild/freebsd-arm64@0.27.0 OK for: esbuild@0.27.0 want: 0.27.0
1420 silly placeDep ROOT @esbuild/freebsd-x64@0.27.0 OK for: esbuild@0.27.0 want: 0.27.0
1421 silly placeDep ROOT @esbuild/linux-arm@0.27.0 OK for: esbuild@0.27.0 want: 0.27.0
1422 silly placeDep ROOT @esbuild/linux-arm64@0.27.0 OK for: esbuild@0.27.0 want: 0.27.0
1423 silly placeDep ROOT @esbuild/linux-ia32@0.27.0 OK for: esbuild@0.27.0 want: 0.27.0
1424 silly placeDep ROOT @esbuild/linux-loong64@0.27.0 OK for: esbuild@0.27.0 want: 0.27.0
1425 silly placeDep ROOT @esbuild/linux-mips64el@0.27.0 OK for: esbuild@0.27.0 want: 0.27.0
1426 silly placeDep ROOT @esbuild/linux-ppc64@0.27.0 OK for: esbuild@0.27.0 want: 0.27.0
1427 silly placeDep ROOT @esbuild/linux-riscv64@0.27.0 OK for: esbuild@0.27.0 want: 0.27.0
1428 silly placeDep ROOT @esbuild/linux-s390x@0.27.0 OK for: esbuild@0.27.0 want: 0.27.0
1429 silly placeDep ROOT @esbuild/linux-x64@0.27.0 OK for: esbuild@0.27.0 want: 0.27.0
1430 silly placeDep ROOT @esbuild/netbsd-arm64@0.27.0 OK for: esbuild@0.27.0 want: 0.27.0
1431 silly placeDep ROOT @esbuild/netbsd-x64@0.27.0 OK for: esbuild@0.27.0 want: 0.27.0
1432 silly placeDep ROOT @esbuild/openbsd-arm64@0.27.0 OK for: esbuild@0.27.0 want: 0.27.0
1433 silly placeDep ROOT @esbuild/openbsd-x64@0.27.0 OK for: esbuild@0.27.0 want: 0.27.0
1434 silly placeDep ROOT @esbuild/openharmony-arm64@0.27.0 OK for: esbuild@0.27.0 want: 0.27.0
1435 silly placeDep ROOT @esbuild/sunos-x64@0.27.0 OK for: esbuild@0.27.0 want: 0.27.0
1436 silly placeDep ROOT @esbuild/win32-arm64@0.27.0 OK for: esbuild@0.27.0 want: 0.27.0
1437 silly placeDep ROOT @esbuild/win32-ia32@0.27.0 OK for: esbuild@0.27.0 want: 0.27.0
1438 silly placeDep ROOT @esbuild/win32-x64@0.27.0 OK for: esbuild@0.27.0 want: 0.27.0
1439 silly placeDep ROOT cross-spawn@7.0.6 OK for: execa@3.2.0 want: ^7.0.0
1440 silly placeDep ROOT get-stream@5.2.0 OK for: execa@3.2.0 want: ^5.0.0
1441 silly placeDep ROOT human-signals@1.1.1 OK for: execa@3.2.0 want: ^1.1.1
1442 silly placeDep ROOT is-stream@2.0.1 OK for: execa@3.2.0 want: ^2.0.0
1443 silly placeDep ROOT merge-stream@2.0.0 OK for: execa@3.2.0 want: ^2.0.0
1444 silly placeDep ROOT npm-run-path@4.0.1 OK for: execa@3.2.0 want: ^4.0.0
1445 silly placeDep ROOT onetime@5.1.2 OK for: execa@3.2.0 want: ^5.1.0
1446 silly placeDep ROOT p-finally@2.0.1 OK for: execa@3.2.0 want: ^2.0.0
1447 silly placeDep node_modules/execa signal-exit@3.0.7 OK for: execa@3.2.0 want: ^3.0.2
1448 silly placeDep ROOT strip-final-newline@2.0.0 OK for: execa@3.2.0 want: ^2.0.0
1449 silly fetch manifest which@^2.0.1
1450 silly packumentCache full:https://registry.npmjs.org/which cache-miss
1451 silly fetch manifest path-key@^3.1.0
1452 silly packumentCache full:https://registry.npmjs.org/path-key cache-miss
1453 silly fetch manifest shebang-command@^2.0.0
1454 silly packumentCache full:https://registry.npmjs.org/shebang-command cache-miss
1455 silly fetch manifest pump@^3.0.0
1456 silly packumentCache full:https://registry.npmjs.org/pump cache-miss
1457 silly fetch manifest path-key@^3.0.0
1458 silly packumentCache full:https://registry.npmjs.org/path-key cache-miss
1459 silly fetch manifest mimic-fn@^2.1.0
1460 silly packumentCache full:https://registry.npmjs.org/mimic-fn cache-miss
1461 http fetch GET 200 https://registry.npmjs.org/shebang-command 53ms (cache miss)
1462 silly packumentCache full:https://registry.npmjs.org/shebang-command set size:undefined disposed:false
1463 http fetch GET 200 https://registry.npmjs.org/path-key 77ms (cache miss)
1464 silly packumentCache full:https://registry.npmjs.org/path-key set size:undefined disposed:false
1465 http fetch GET 200 https://registry.npmjs.org/mimic-fn 79ms (cache miss)
1466 silly packumentCache full:https://registry.npmjs.org/mimic-fn set size:undefined disposed:false
1467 http fetch GET 200 https://registry.npmjs.org/pump 81ms (cache miss)
1468 silly packumentCache full:https://registry.npmjs.org/pump set size:undefined disposed:false
1469 http fetch GET 200 https://registry.npmjs.org/path-key 85ms (cache miss)
1470 silly packumentCache full:https://registry.npmjs.org/path-key set size:undefined disposed:false
1471 http fetch GET 200 https://registry.npmjs.org/which 87ms (cache miss)
1472 silly packumentCache full:https://registry.npmjs.org/which set size:undefined disposed:false
1473 silly placeDep ROOT path-key@3.1.1 OK for: cross-spawn@7.0.6 want: ^3.1.0
1474 silly placeDep ROOT shebang-command@2.0.0 OK for: cross-spawn@7.0.6 want: ^2.0.0
1475 silly placeDep ROOT which@2.0.2 OK for: cross-spawn@7.0.6 want: ^2.0.1
1476 silly fetch manifest shebang-regex@^3.0.0
1477 silly packumentCache full:https://registry.npmjs.org/shebang-regex cache-miss
1478 silly fetch manifest isexe@^2.0.0
1479 silly packumentCache full:https://registry.npmjs.org/isexe cache-miss
1480 http fetch GET 200 https://registry.npmjs.org/shebang-regex 48ms (cache miss)
1481 silly packumentCache full:https://registry.npmjs.org/shebang-regex set size:undefined disposed:false
1482 http fetch GET 200 https://registry.npmjs.org/isexe 61ms (cache miss)
1483 silly packumentCache full:https://registry.npmjs.org/isexe set size:undefined disposed:false
1484 silly placeDep ROOT jsonfile@6.2.1 OK for: fs-extra@11.1.0 want: ^6.0.1
1485 silly placeDep ROOT universalify@2.0.1 OK for: fs-extra@11.1.0 want: ^2.0.0
1486 silly placeDep ROOT pump@3.0.4 OK for: get-stream@5.2.0 want: ^3.0.0
1487 silly fetch manifest end-of-stream@^1.1.0
1488 silly packumentCache full:https://registry.npmjs.org/end-of-stream cache-miss
1489 silly fetch manifest once@^1.3.1
1490 silly packumentCache full:https://registry.npmjs.org/once cache-miss
1491 http cache https://registry.npmjs.org/end-of-stream 3ms (cache hit)
1492 silly packumentCache full:https://registry.npmjs.org/end-of-stream set size:27842 disposed:false
1493 http fetch GET 200 https://registry.npmjs.org/once 55ms (cache revalidated)
1494 silly packumentCache full:https://registry.npmjs.org/once set size:11752 disposed:false
1495 silly placeDep node_modules/glob minimatch@10.2.6 OK for: glob@13.0.6 want: ^10.2.2
1496 silly placeDep ROOT minipass@7.1.3 OK for: glob@13.0.6 want: ^7.1.3
1497 silly placeDep ROOT path-scurry@2.0.2 OK for: glob@13.0.6 want: ^2.0.2
1498 silly fetch manifest brace-expansion@^5.0.8
1499 silly packumentCache full:https://registry.npmjs.org/brace-expansion cache-miss
1500 silly fetch manifest lru-cache@^11.0.0
1501 silly packumentCache full:https://registry.npmjs.org/lru-cache cache-miss
1502 http cache https://registry.npmjs.org/lru-cache 6ms (cache hit)
1503 silly packumentCache full:https://registry.npmjs.org/lru-cache set size:465506 disposed:false
1504 http fetch GET 200 https://registry.npmjs.org/brace-expansion 69ms (cache miss)
1505 silly packumentCache full:https://registry.npmjs.org/brace-expansion set size:undefined disposed:false
1506 silly placeDep ROOT agent-base@7.1.4 OK for: https-proxy-agent@7.0.6 want: ^7.1.2
1507 silly placeDep ROOT argparse@2.0.1 OK for: js-yaml@4.1.1 want: ^2.0.1
1508 silly placeDep ROOT @types/json-schema@7.0.15 OK for: json-schema-to-ts@1.6.4 want: ^7.0.6
1509 silly placeDep ROOT ts-toolbelt@6.15.5 OK for: json-schema-to-ts@1.6.4 want: ^6.15.5
1510 silly placeDep ROOT arg@4.1.0 OK for: micro@9.3.5-canary.3 want: 4.1.0
1511 silly placeDep ROOT content-type@1.0.4 OK for: micro@9.3.5-canary.3 want: 1.0.4
1512 silly placeDep ROOT raw-body@2.4.1 OK for: micro@9.3.5-canary.3 want: 2.4.1
1513 silly fetch manifest bytes@3.1.0
1514 silly packumentCache full:https://registry.npmjs.org/bytes cache-miss
1515 silly fetch manifest unpipe@1.0.0
1516 silly packumentCache full:https://registry.npmjs.org/unpipe cache-miss
1517 silly fetch manifest iconv-lite@0.4.24
1518 silly packumentCache full:https://registry.npmjs.org/iconv-lite cache-miss
1519 silly fetch manifest http-errors@1.7.3
1520 silly packumentCache full:https://registry.npmjs.org/http-errors cache-miss
1521 http fetch GET 200 https://registry.npmjs.org/bytes 65ms (cache revalidated)
1522 silly packumentCache full:https://registry.npmjs.org/bytes set size:37018 disposed:false
1523 http fetch GET 200 https://registry.npmjs.org/http-errors 74ms (cache revalidated)
1524 silly packumentCache full:https://registry.npmjs.org/http-errors set size:71987 disposed:false
1525 http fetch GET 200 https://registry.npmjs.org/iconv-lite 79ms (cache revalidated)
1526 silly packumentCache full:https://registry.npmjs.org/iconv-lite set size:126462 disposed:false
1527 http fetch GET 200 https://registry.npmjs.org/unpipe 88ms (cache revalidated)
1528 silly packumentCache full:https://registry.npmjs.org/unpipe set size:3609 disposed:false
1529 silly placeDep ROOT mime-db@1.52.0 OK for: mime-types@2.1.35 want: 1.52.0
1530 silly placeDep ROOT @isaacs/brace-expansion@5.0.1 OK for: minimatch@10.1.1 want: ^5.0.0
1531 silly fetch manifest @isaacs/balanced-match@^4.0.1
1532 silly packumentCache full:https://registry.npmjs.org/@isaacs%2fbalanced-match cache-miss
1533 http fetch GET 200 https://registry.npmjs.org/@isaacs%2fbalanced-match 60ms (cache miss)
1534 silly packumentCache full:https://registry.npmjs.org/@isaacs%2fbalanced-match set size:undefined disposed:false
1535 silly placeDep ROOT @isaacs/balanced-match@4.0.1 OK for: @isaacs/brace-expansion@5.0.1 want: ^4.0.1
1536 silly placeDep ROOT whatwg-url@5.0.0 OK for: node-fetch@2.6.7 want: ^5.0.0
1537 silly fetch manifest tr46@~0.0.3
1538 silly packumentCache full:https://registry.npmjs.org/tr46 cache-miss
1539 silly fetch manifest webidl-conversions@^3.0.0
1540 silly packumentCache full:https://registry.npmjs.org/webidl-conversions cache-miss
1541 http fetch GET 200 https://registry.npmjs.org/tr46 58ms (cache miss)
1542 silly packumentCache full:https://registry.npmjs.org/tr46 set size:undefined disposed:false
1543 http fetch GET 200 https://registry.npmjs.org/webidl-conversions 72ms (cache miss)
1544 silly packumentCache full:https://registry.npmjs.org/webidl-conversions set size:undefined disposed:false
1545 silly placeDep ROOT abbrev@3.0.1 OK for: nopt@8.1.0 want: ^3.0.0
1546 silly placeDep ROOT mimic-fn@2.1.0 OK for: onetime@5.1.2 want: ^2.1.0
1547 silly placeDep ROOT define-lazy-prop@2.0.0 OK for: open@8.4.0 want: ^2.0.0
1548 silly placeDep ROOT is-docker@2.2.1 OK for: open@8.4.0 want: ^2.1.1
1549 silly placeDep ROOT is-wsl@2.2.0 OK for: open@8.4.0 want: ^2.2.0
1550 silly placeDep ROOT @oxc-parser/binding-android-arm-eabi@0.121.0 OK for: oxc-parser@0.121.0 want: 0.121.0
1551 silly placeDep ROOT @oxc-parser/binding-android-arm64@0.121.0 OK for: oxc-parser@0.121.0 want: 0.121.0
1552 silly placeDep ROOT @oxc-parser/binding-darwin-arm64@0.121.0 OK for: oxc-parser@0.121.0 want: 0.121.0
1553 silly placeDep ROOT @oxc-parser/binding-darwin-x64@0.121.0 OK for: oxc-parser@0.121.0 want: 0.121.0
1554 silly placeDep ROOT @oxc-parser/binding-freebsd-x64@0.121.0 OK for: oxc-parser@0.121.0 want: 0.121.0
1555 silly placeDep ROOT @oxc-parser/binding-linux-arm-gnueabihf@0.121.0 OK for: oxc-parser@0.121.0 want: 0.121.0
1556 silly placeDep ROOT @oxc-parser/binding-linux-arm-musleabihf@0.121.0 OK for: oxc-parser@0.121.0 want: 0.121.0
1557 silly placeDep ROOT @oxc-parser/binding-linux-arm64-gnu@0.121.0 OK for: oxc-parser@0.121.0 want: 0.121.0
1558 silly placeDep ROOT @oxc-parser/binding-linux-arm64-musl@0.121.0 OK for: oxc-parser@0.121.0 want: 0.121.0
1559 silly placeDep ROOT @oxc-parser/binding-linux-ppc64-gnu@0.121.0 OK for: oxc-parser@0.121.0 want: 0.121.0
1560 silly placeDep ROOT @oxc-parser/binding-linux-riscv64-gnu@0.121.0 OK for: oxc-parser@0.121.0 want: 0.121.0
1561 silly placeDep ROOT @oxc-parser/binding-linux-riscv64-musl@0.121.0 OK for: oxc-parser@0.121.0 want: 0.121.0
1562 silly placeDep ROOT @oxc-parser/binding-linux-s390x-gnu@0.121.0 OK for: oxc-parser@0.121.0 want: 0.121.0
1563 silly placeDep ROOT @oxc-parser/binding-linux-x64-gnu@0.121.0 OK for: oxc-parser@0.121.0 want: 0.121.0
1564 silly placeDep ROOT @oxc-parser/binding-linux-x64-musl@0.121.0 OK for: oxc-parser@0.121.0 want: 0.121.0
1565 silly placeDep ROOT @oxc-parser/binding-openharmony-arm64@0.121.0 OK for: oxc-parser@0.121.0 want: 0.121.0
1566 silly placeDep ROOT @oxc-parser/binding-wasm32-wasi@0.121.0 OK for: oxc-parser@0.121.0 want: 0.121.0
1567 silly placeDep ROOT @oxc-parser/binding-win32-arm64-msvc@0.121.0 OK for: oxc-parser@0.121.0 want: 0.121.0
1568 silly placeDep ROOT @oxc-parser/binding-win32-ia32-msvc@0.121.0 OK for: oxc-parser@0.121.0 want: 0.121.0
1569 silly placeDep ROOT @oxc-parser/binding-win32-x64-msvc@0.121.0 OK for: oxc-parser@0.121.0 want: 0.121.0
1570 silly placeDep ROOT @oxc-project/types@0.121.0 OK for: oxc-parser@0.121.0 want: ^0.121.0
1571 silly fetch manifest @napi-rs/wasm-runtime@^1.1.1
1572 silly packumentCache full:https://registry.npmjs.org/@napi-rs%2fwasm-runtime cache-miss
1573 http fetch GET 200 https://registry.npmjs.org/@napi-rs%2fwasm-runtime 79ms (cache miss)
1574 silly packumentCache full:https://registry.npmjs.org/@napi-rs%2fwasm-runtime set size:undefined disposed:false
1575 silly fetch manifest @emnapi/core@^1.7.1 || ^2.0.0-alpha.4
1576 silly packumentCache full:https://registry.npmjs.org/@emnapi%2fcore cache-miss
1577 http fetch GET 200 https://registry.npmjs.org/@emnapi%2fcore 97ms (cache miss)
1578 silly packumentCache full:https://registry.npmjs.org/@emnapi%2fcore set size:undefined disposed:false
1579 silly fetch manifest @emnapi/runtime@^1.7.1 || ^2.0.0-alpha.4
1580 silly packumentCache full:https://registry.npmjs.org/@emnapi%2fruntime cache-miss
1581 http fetch GET 200 https://registry.npmjs.org/@emnapi%2fruntime 92ms (cache miss)
1582 silly packumentCache full:https://registry.npmjs.org/@emnapi%2fruntime set size:undefined disposed:false
1583 silly placeDep ROOT @napi-rs/wasm-runtime@1.2.4 OK for: @oxc-parser/binding-wasm32-wasi@0.121.0 want: ^1.1.1
1584 silly placeDep ROOT @emnapi/core@1.11.3 OK for: @napi-rs/wasm-runtime@1.2.4 want: ^1.7.1 || ^2.0.0-alpha.4
1585 silly placeDep ROOT @emnapi/runtime@1.11.3 OK for: @napi-rs/wasm-runtime@1.2.4 want: ^1.7.1 || ^2.0.0-alpha.4
1586 silly fetch manifest @tybys/wasm-util@^0.10.3
1587 silly packumentCache full:https://registry.npmjs.org/@tybys%2fwasm-util cache-miss
1588 silly fetch manifest tslib@^2.4.0
1589 silly packumentCache full:https://registry.npmjs.org/tslib cache-miss
1590 silly fetch manifest tslib@^2.4.0
1591 silly packumentCache full:https://registry.npmjs.org/tslib cache-miss
1592 silly fetch manifest @emnapi/wasi-threads@1.2.3
1593 silly packumentCache full:https://registry.npmjs.org/@emnapi%2fwasi-threads cache-miss
1594 http fetch GET 200 https://registry.npmjs.org/tslib 58ms (cache miss)
1595 silly packumentCache full:https://registry.npmjs.org/tslib set size:undefined disposed:false
1596 http fetch GET 200 https://registry.npmjs.org/@emnapi%2fwasi-threads 93ms (cache miss)
1597 silly packumentCache full:https://registry.npmjs.org/@emnapi%2fwasi-threads set size:undefined disposed:false
1598 http fetch GET 200 https://registry.npmjs.org/tslib 97ms (cache miss)
1599 silly packumentCache full:https://registry.npmjs.org/tslib set size:undefined disposed:false
1600 http fetch GET 200 https://registry.npmjs.org/@tybys%2fwasm-util 123ms (cache miss)
1601 silly packumentCache full:https://registry.npmjs.org/@tybys%2fwasm-util set size:undefined disposed:false
1602 silly placeDep ROOT @emnapi/wasi-threads@1.2.3 OK for: @emnapi/core@1.11.3 want: 1.2.3
1603 silly placeDep ROOT tslib@2.8.1 OK for: @emnapi/core@1.11.3 want: ^2.4.0
1604 silly placeDep ROOT @tybys/wasm-util@0.10.4 OK for: @napi-rs/wasm-runtime@1.2.4 want: ^0.10.3
1605 silly placeDep ROOT @oxc-transform/binding-android-arm-eabi@0.111.0 OK for: oxc-transform@0.111.0 want: 0.111.0
1606 silly placeDep ROOT @oxc-transform/binding-android-arm64@0.111.0 OK for: oxc-transform@0.111.0 want: 0.111.0
1607 silly placeDep ROOT @oxc-transform/binding-darwin-arm64@0.111.0 OK for: oxc-transform@0.111.0 want: 0.111.0
1608 silly placeDep ROOT @oxc-transform/binding-darwin-x64@0.111.0 OK for: oxc-transform@0.111.0 want: 0.111.0
1609 silly placeDep ROOT @oxc-transform/binding-freebsd-x64@0.111.0 OK for: oxc-transform@0.111.0 want: 0.111.0
1610 silly placeDep ROOT @oxc-transform/binding-linux-arm-gnueabihf@0.111.0 OK for: oxc-transform@0.111.0 want: 0.111.0
1611 silly placeDep ROOT @oxc-transform/binding-linux-arm-musleabihf@0.111.0 OK for: oxc-transform@0.111.0 want: 0.111.0
1612 silly placeDep ROOT @oxc-transform/binding-linux-arm64-gnu@0.111.0 OK for: oxc-transform@0.111.0 want: 0.111.0
1613 silly placeDep ROOT @oxc-transform/binding-linux-arm64-musl@0.111.0 OK for: oxc-transform@0.111.0 want: 0.111.0
1614 silly placeDep ROOT @oxc-transform/binding-linux-ppc64-gnu@0.111.0 OK for: oxc-transform@0.111.0 want: 0.111.0
1615 silly placeDep ROOT @oxc-transform/binding-linux-riscv64-gnu@0.111.0 OK for: oxc-transform@0.111.0 want: 0.111.0
1616 silly placeDep ROOT @oxc-transform/binding-linux-riscv64-musl@0.111.0 OK for: oxc-transform@0.111.0 want: 0.111.0
1617 silly placeDep ROOT @oxc-transform/binding-linux-s390x-gnu@0.111.0 OK for: oxc-transform@0.111.0 want: 0.111.0
1618 silly placeDep ROOT @oxc-transform/binding-linux-x64-gnu@0.111.0 OK for: oxc-transform@0.111.0 want: 0.111.0
1619 silly placeDep ROOT @oxc-transform/binding-linux-x64-musl@0.111.0 OK for: oxc-transform@0.111.0 want: 0.111.0
1620 silly placeDep ROOT @oxc-transform/binding-openharmony-arm64@0.111.0 OK for: oxc-transform@0.111.0 want: 0.111.0
1621 silly placeDep ROOT @oxc-transform/binding-wasm32-wasi@0.111.0 OK for: oxc-transform@0.111.0 want: 0.111.0
1622 silly placeDep ROOT @oxc-transform/binding-win32-arm64-msvc@0.111.0 OK for: oxc-transform@0.111.0 want: 0.111.0
1623 silly placeDep ROOT @oxc-transform/binding-win32-ia32-msvc@0.111.0 OK for: oxc-transform@0.111.0 want: 0.111.0
1624 silly placeDep ROOT @oxc-transform/binding-win32-x64-msvc@0.111.0 OK for: oxc-transform@0.111.0 want: 0.111.0
1625 silly placeDep ROOT lru-cache@11.5.3 OK for: path-scurry@2.0.2 want: ^11.0.0
1626 silly placeDep ROOT parse-ms@2.1.0 OK for: pretty-ms@7.0.1 want: ^2.1.0
1627 silly placeDep ROOT end-of-stream@1.4.5 OK for: pump@3.0.4 want: ^1.1.0
1628 silly placeDep ROOT once@1.4.0 OK for: pump@3.0.4 want: ^1.3.1
1629 silly fetch manifest once@^1.4.0
1630 silly packumentCache full:https://registry.npmjs.org/once cache-hit
1631 silly fetch manifest wrappy@1
1632 silly packumentCache full:https://registry.npmjs.org/wrappy cache-miss
1633 http fetch GET 200 https://registry.npmjs.org/wrappy 59ms (cache revalidated)
1634 silly packumentCache full:https://registry.npmjs.org/wrappy set size:7682 disposed:false
1635 silly placeDep ROOT wrappy@1.0.2 OK for: once@1.4.0 want: 1
1636 silly placeDep ROOT bytes@3.1.0 OK for: raw-body@2.4.1 want: 3.1.0
1637 silly placeDep ROOT http-errors@1.7.3 OK for: raw-body@2.4.1 want: 1.7.3
1638 silly placeDep ROOT iconv-lite@0.4.24 OK for: raw-body@2.4.1 want: 0.4.24
1639 silly placeDep ROOT unpipe@1.0.0 OK for: raw-body@2.4.1 want: 1.0.0
1640 silly fetch manifest depd@~1.1.2
1641 silly packumentCache full:https://registry.npmjs.org/depd cache-miss
1642 silly fetch manifest inherits@2.0.4
1643 silly packumentCache full:https://registry.npmjs.org/inherits cache-miss
1644 silly fetch manifest statuses@>= 1.5.0 < 2
1645 silly packumentCache full:https://registry.npmjs.org/statuses cache-miss
1646 silly fetch manifest toidentifier@1.0.0
1647 silly packumentCache full:https://registry.npmjs.org/toidentifier cache-miss
1648 silly fetch manifest setprototypeof@1.1.1
1649 silly packumentCache full:https://registry.npmjs.org/setprototypeof cache-miss
1650 silly fetch manifest safer-buffer@>= 2.1.2 < 3
1651 silly packumentCache full:https://registry.npmjs.org/safer-buffer cache-miss
1652 http fetch GET 200 https://registry.npmjs.org/depd 56ms (cache revalidated)
1653 silly packumentCache full:https://registry.npmjs.org/depd set size:40182 disposed:false
1654 http fetch GET 200 https://registry.npmjs.org/inherits 75ms (cache revalidated)
1655 silly packumentCache full:https://registry.npmjs.org/inherits set size:12925 disposed:false
1656 http fetch GET 200 https://registry.npmjs.org/toidentifier 76ms (cache revalidated)
1657 silly packumentCache full:https://registry.npmjs.org/toidentifier set size:12006 disposed:false
1658 http fetch GET 200 https://registry.npmjs.org/setprototypeof 77ms (cache revalidated)
1659 silly packumentCache full:https://registry.npmjs.org/setprototypeof set size:14532 disposed:false
1660 http fetch GET 200 https://registry.npmjs.org/statuses 82ms (cache revalidated)
1661 silly packumentCache full:https://registry.npmjs.org/statuses set size:37117 disposed:false
1662 http fetch GET 200 https://registry.npmjs.org/safer-buffer 84ms (cache revalidated)
1663 silly packumentCache full:https://registry.npmjs.org/safer-buffer set size:18521 disposed:false
1664 silly placeDep ROOT depd@1.1.2 OK for: http-errors@1.7.3 want: ~1.1.2
1665 silly placeDep ROOT inherits@2.0.4 OK for: http-errors@1.7.3 want: 2.0.4
1666 silly placeDep ROOT setprototypeof@1.1.1 OK for: http-errors@1.7.3 want: 1.1.1
1667 silly placeDep ROOT statuses@1.5.0 OK for: http-errors@1.7.3 want: >= 1.5.0 < 2
1668 silly placeDep ROOT toidentifier@1.0.0 OK for: http-errors@1.7.3 want: 1.0.0
1669 silly placeDep ROOT safer-buffer@2.1.2 OK for: iconv-lite@0.4.24 want: >= 2.1.2 < 3
1670 silly placeDep node_modules/rolldown @oxc-project/types@0.110.0 OK for: rolldown@1.0.0-rc.1 want: =0.110.0
1671 silly placeDep ROOT @rolldown/binding-android-arm64@1.0.0-rc.1 OK for: rolldown@1.0.0-rc.1 want: 1.0.0-rc.1
1672 silly placeDep ROOT @rolldown/binding-darwin-arm64@1.0.0-rc.1 OK for: rolldown@1.0.0-rc.1 want: 1.0.0-rc.1
1673 silly placeDep ROOT @rolldown/binding-darwin-x64@1.0.0-rc.1 OK for: rolldown@1.0.0-rc.1 want: 1.0.0-rc.1
1674 silly placeDep ROOT @rolldown/binding-freebsd-x64@1.0.0-rc.1 OK for: rolldown@1.0.0-rc.1 want: 1.0.0-rc.1
1675 silly placeDep ROOT @rolldown/binding-linux-arm-gnueabihf@1.0.0-rc.1 OK for: rolldown@1.0.0-rc.1 want: 1.0.0-rc.1
1676 silly placeDep ROOT @rolldown/binding-linux-arm64-gnu@1.0.0-rc.1 OK for: rolldown@1.0.0-rc.1 want: 1.0.0-rc.1
1677 silly placeDep ROOT @rolldown/binding-linux-arm64-musl@1.0.0-rc.1 OK for: rolldown@1.0.0-rc.1 want: 1.0.0-rc.1
1678 silly placeDep ROOT @rolldown/binding-linux-x64-gnu@1.0.0-rc.1 OK for: rolldown@1.0.0-rc.1 want: 1.0.0-rc.1
1679 silly placeDep ROOT @rolldown/binding-linux-x64-musl@1.0.0-rc.1 OK for: rolldown@1.0.0-rc.1 want: 1.0.0-rc.1
1680 silly placeDep ROOT @rolldown/binding-openharmony-arm64@1.0.0-rc.1 OK for: rolldown@1.0.0-rc.1 want: 1.0.0-rc.1
1681 silly placeDep ROOT @rolldown/binding-wasm32-wasi@1.0.0-rc.1 OK for: rolldown@1.0.0-rc.1 want: 1.0.0-rc.1
1682 silly placeDep ROOT @rolldown/binding-win32-arm64-msvc@1.0.0-rc.1 OK for: rolldown@1.0.0-rc.1 want: 1.0.0-rc.1
1683 silly placeDep ROOT @rolldown/binding-win32-x64-msvc@1.0.0-rc.1 OK for: rolldown@1.0.0-rc.1 want: 1.0.0-rc.1
1684 silly placeDep ROOT @rolldown/pluginutils@1.0.0-rc.1 OK for: rolldown@1.0.0-rc.1 want: 1.0.0-rc.1
1685 silly placeDep ROOT @vercel/sandbox@3.1.0 OK for: sandbox@4.1.0 want: 3.1.0
1686 silly placeDep node_modules/sandbox debug@4.4.3 OK for: sandbox@4.1.0 want: ^4.4.1
1687 silly placeDep ROOT ws@8.22.0 OK for: sandbox@4.1.0 want: ^8.21.0
1688 silly fetch manifest ms@2.1.3
1689 silly packumentCache full:https://registry.npmjs.org/ms cache-hit
1690 silly fetch manifest jose@6.2.3
1691 silly packumentCache full:https://registry.npmjs.org/jose cache-miss
1692 silly fetch manifest undici@^7.27.1
1693 silly packumentCache full:https://registry.npmjs.org/undici cache-miss
1694 silly fetch manifest jsonlines@0.1.1
1695 silly packumentCache full:https://registry.npmjs.org/jsonlines cache-miss
1696 silly fetch manifest lru-cache@^10.4.3
1697 silly packumentCache full:https://registry.npmjs.org/lru-cache cache-hit
1698 silly fetch manifest picocolors@^1.1.1
1699 silly packumentCache full:https://registry.npmjs.org/picocolors cache-miss
1700 silly fetch manifest tar-stream@3.1.7
1701 silly packumentCache full:https://registry.npmjs.org/tar-stream cache-miss
1702 silly fetch manifest @vercel/oidc@3.2.0
1703 silly packumentCache full:https://registry.npmjs.org/@vercel%2foidc cache-miss
1704 silly fetch manifest @workflow/serde@4.1.0-beta.2
1705 silly packumentCache full:https://registry.npmjs.org/@workflow%2fserde cache-miss
1706 http cache https://registry.npmjs.org/picocolors 9ms (cache hit)
1707 silly packumentCache full:https://registry.npmjs.org/picocolors set size:16648 disposed:false
1708 silly fetch manifest ms@^2.1.3
1709 silly packumentCache full:https://registry.npmjs.org/ms cache-hit
1710 http cache https://registry.npmjs.org/@vercel%2foidc 9ms (cache hit)
1711 silly packumentCache full:https://registry.npmjs.org/@vercel%2foidc set size:104271 disposed:false
1712 http cache https://registry.npmjs.org/jose 15ms (cache hit)
1713 silly packumentCache full:https://registry.npmjs.org/jose set size:1460156 disposed:false
1714 http cache https://registry.npmjs.org/undici 38ms (cache hit)
1715 silly packumentCache full:https://registry.npmjs.org/undici set size:1558776 disposed:false
1716 http fetch GET 200 https://registry.npmjs.org/jsonlines 58ms (cache miss)
1717 silly packumentCache full:https://registry.npmjs.org/jsonlines set size:undefined disposed:false
1718 http fetch GET 200 https://registry.npmjs.org/@workflow%2fserde 67ms (cache miss)
1719 silly packumentCache full:https://registry.npmjs.org/@workflow%2fserde set size:undefined disposed:false
1720 http fetch GET 200 https://registry.npmjs.org/tar-stream 72ms (cache miss)
1721 silly packumentCache full:https://registry.npmjs.org/tar-stream set size:undefined disposed:false
1722 silly placeDep node_modules/@vercel/sandbox @vercel/oidc@3.2.0 OK for: @vercel/sandbox@3.1.0 want: 3.2.0
1723 silly placeDep ROOT @workflow/serde@4.1.0-beta.2 OK for: @vercel/sandbox@3.1.0 want: 4.1.0-beta.2
1724 silly placeDep node_modules/@vercel/sandbox jose@6.2.3 OK for: @vercel/sandbox@3.1.0 want: 6.2.3
1725 silly placeDep ROOT jsonlines@0.1.1 OK for: @vercel/sandbox@3.1.0 want: 0.1.1
1726 silly placeDep node_modules/@vercel/sandbox lru-cache@10.4.3 OK for: @vercel/sandbox@3.1.0 want: ^10.4.3
1727 silly placeDep node_modules/@vercel/sandbox ms@2.1.3 OK for: @vercel/sandbox@3.1.0 want: 2.1.3
1728 silly placeDep node_modules/@vercel/sandbox picocolors@1.1.1 OK for: @vercel/sandbox@3.1.0 want: ^1.1.1
1729 silly placeDep ROOT tar-stream@3.1.7 OK for: @vercel/sandbox@3.1.0 want: 3.1.7
1730 silly placeDep node_modules/@vercel/sandbox undici@7.30.0 OK for: @vercel/sandbox@3.1.0 want: ^7.27.1
1731 silly placeDep node_modules/@vercel/sandbox xdg-app-paths@5.1.0 OK for: @vercel/sandbox@3.1.0 want: 5.1.0
1732 silly fetch manifest b4a@^1.6.4
1733 silly packumentCache full:https://registry.npmjs.org/b4a cache-miss
1734 silly fetch manifest streamx@^2.15.0
1735 silly packumentCache full:https://registry.npmjs.org/streamx cache-miss
1736 silly fetch manifest fast-fifo@^1.2.0
1737 silly packumentCache full:https://registry.npmjs.org/fast-fifo cache-miss
1738 http fetch GET 200 https://registry.npmjs.org/fast-fifo 56ms (cache miss)
1739 silly packumentCache full:https://registry.npmjs.org/fast-fifo set size:undefined disposed:false
1740 http fetch GET 200 https://registry.npmjs.org/b4a 57ms (cache miss)
1741 silly packumentCache full:https://registry.npmjs.org/b4a set size:undefined disposed:false
1742 http fetch GET 200 https://registry.npmjs.org/streamx 78ms (cache miss)
1743 silly packumentCache full:https://registry.npmjs.org/streamx set size:undefined disposed:false
1744 silly placeDep node_modules/semver lru-cache@6.0.0 OK for: semver@7.5.4 want: ^6.0.0
1745 silly fetch manifest yallist@^4.0.0
1746 silly packumentCache full:https://registry.npmjs.org/yallist cache-miss
1747 http cache https://registry.npmjs.org/yallist 2ms (cache hit)
1748 silly packumentCache full:https://registry.npmjs.org/yallist set size:34610 disposed:false
1749 silly placeDep ROOT shebang-regex@3.0.0 OK for: shebang-command@2.0.0 want: ^3.0.0
1750 silly placeDep ROOT any-promise@1.3.0 OK for: stream-to-promise@2.2.0 want: ~1.3.0
1751 silly placeDep node_modules/stream-to-promise end-of-stream@1.1.0 OK for: stream-to-promise@2.2.0 want: ~1.1.0
1752 silly placeDep ROOT stream-to-array@2.3.0 OK for: stream-to-promise@2.2.0 want: ~2.3.0
1753 silly fetch manifest once@~1.3.0
1754 silly packumentCache full:https://registry.npmjs.org/once cache-hit
1755 silly placeDep ROOT @isaacs/fs-minipass@4.0.1 OK for: tar@7.5.11 want: ^4.0.0
1756 silly placeDep ROOT chownr@3.0.0 OK for: tar@7.5.11 want: ^3.0.0
1757 silly placeDep ROOT minizlib@3.1.0 OK for: tar@7.5.11 want: ^3.1.0
1758 silly placeDep ROOT yallist@5.0.0 OK for: tar@7.5.11 want: ^5.0.0
1759 silly placeDep ROOT b4a@1.9.0 OK for: tar-stream@3.1.7 want: ^1.6.4
1760 silly placeDep ROOT fast-fifo@1.3.2 OK for: tar-stream@3.1.7 want: ^1.2.0
1761 silly placeDep ROOT streamx@2.28.1 OK for: tar-stream@3.1.7 want: ^2.15.0
1762 silly fetch manifest text-decoder@^1.1.0
1763 silly packumentCache full:https://registry.npmjs.org/text-decoder cache-miss
1764 silly fetch manifest events-universal@^1.0.0
1765 silly packumentCache full:https://registry.npmjs.org/events-universal cache-miss
1766 http fetch GET 200 https://registry.npmjs.org/events-universal 62ms (cache miss)
1767 silly packumentCache full:https://registry.npmjs.org/events-universal set size:undefined disposed:false
1768 http fetch GET 200 https://registry.npmjs.org/text-decoder 64ms (cache miss)
1769 silly packumentCache full:https://registry.npmjs.org/text-decoder set size:undefined disposed:false
1770 silly placeDep ROOT events-universal@1.0.1 OK for: streamx@2.28.1 want: ^1.0.0
1771 silly placeDep ROOT text-decoder@1.2.7 OK for: streamx@2.28.1 want: ^1.1.0
1772 silly fetch manifest bare-events@^2.7.0
1773 silly packumentCache full:https://registry.npmjs.org/bare-events cache-miss
1774 http fetch GET 200 https://registry.npmjs.org/bare-events 54ms (cache miss)
1775 silly packumentCache full:https://registry.npmjs.org/bare-events set size:undefined disposed:false
1776 silly placeDep ROOT bare-events@2.9.2 OK for: events-universal@1.0.1 want: ^2.7.0
1777 silly placeDep ROOT convert-hrtime@3.0.0 OK for: time-span@4.0.0 want: ^3.0.0
1778 silly placeDep ROOT @ts-morph/common@0.11.1 OK for: ts-morph@12.0.0 want: ~0.11.0
1779 silly placeDep ROOT code-block-writer@10.1.1 OK for: ts-morph@12.0.0 want: ^10.1.1
1780 silly fetch manifest mkdirp@^1.0.4
1781 silly packumentCache full:https://registry.npmjs.org/mkdirp cache-miss
1782 silly fetch manifest fast-glob@^3.2.7
1783 silly packumentCache full:https://registry.npmjs.org/fast-glob cache-miss
1784 silly fetch manifest minimatch@^3.0.4
1785 silly packumentCache full:https://registry.npmjs.org/minimatch cache-hit
1786 silly fetch manifest path-browserify@^1.0.1
1787 silly packumentCache full:https://registry.npmjs.org/path-browserify cache-miss
1788 http fetch GET 200 https://registry.npmjs.org/path-browserify 76ms (cache miss)
1789 silly packumentCache full:https://registry.npmjs.org/path-browserify set size:undefined disposed:false
1790 http fetch GET 200 https://registry.npmjs.org/mkdirp 80ms (cache miss)
1791 silly packumentCache full:https://registry.npmjs.org/mkdirp set size:undefined disposed:false
1792 http fetch GET 200 https://registry.npmjs.org/fast-glob 91ms (cache miss)
1793 silly packumentCache full:https://registry.npmjs.org/fast-glob set size:undefined disposed:false
1794 silly placeDep ROOT fast-glob@3.3.3 OK for: @ts-morph/common@0.11.1 want: ^3.2.7
1795 silly placeDep node_modules/@ts-morph/common minimatch@3.1.5 OK for: @ts-morph/common@0.11.1 want: ^3.0.4
1796 silly placeDep ROOT mkdirp@1.0.4 OK for: @ts-morph/common@0.11.1 want: ^1.0.4
1797 silly placeDep ROOT path-browserify@1.0.1 OK for: @ts-morph/common@0.11.1 want: ^1.0.1
1798 silly fetch manifest @nodelib/fs.stat@^2.0.2
1799 silly packumentCache full:https://registry.npmjs.org/@nodelib%2ffs.stat cache-miss
1800 silly fetch manifest @nodelib/fs.walk@^1.2.3
1801 silly packumentCache full:https://registry.npmjs.org/@nodelib%2ffs.walk cache-miss
1802 silly fetch manifest glob-parent@^5.1.2
1803 silly packumentCache full:https://registry.npmjs.org/glob-parent cache-miss
1804 silly fetch manifest merge2@^1.3.0
1805 silly packumentCache full:https://registry.npmjs.org/merge2 cache-miss
1806 silly fetch manifest micromatch@^4.0.8
1807 silly packumentCache full:https://registry.npmjs.org/micromatch cache-miss
1808 silly fetch manifest brace-expansion@^1.1.7
1809 silly packumentCache full:https://registry.npmjs.org/brace-expansion cache-miss
1810 http cache https://registry.npmjs.org/brace-expansion 7ms (cache hit)
1811 silly packumentCache full:https://registry.npmjs.org/brace-expansion set size:128514 disposed:false
1812 http fetch GET 200 https://registry.npmjs.org/merge2 51ms (cache miss)
1813 silly packumentCache full:https://registry.npmjs.org/merge2 set size:undefined disposed:false
1814 http fetch GET 200 https://registry.npmjs.org/glob-parent 56ms (cache miss)
1815 silly packumentCache full:https://registry.npmjs.org/glob-parent set size:undefined disposed:false
1816 http fetch GET 200 https://registry.npmjs.org/micromatch 67ms (cache miss)
1817 silly packumentCache full:https://registry.npmjs.org/micromatch set size:undefined disposed:false
1818 http fetch GET 200 https://registry.npmjs.org/@nodelib%2ffs.walk 75ms (cache miss)
1819 silly packumentCache full:https://registry.npmjs.org/@nodelib%2ffs.walk set size:undefined disposed:false
1820 http fetch GET 200 https://registry.npmjs.org/@nodelib%2ffs.stat 111ms (cache miss)
1821 silly packumentCache full:https://registry.npmjs.org/@nodelib%2ffs.stat set size:undefined disposed:false
1822 silly placeDep ROOT @nodelib/fs.stat@2.0.5 OK for: fast-glob@3.3.3 want: ^2.0.2
1823 silly placeDep ROOT @nodelib/fs.walk@1.2.8 OK for: fast-glob@3.3.3 want: ^1.2.3
1824 silly placeDep ROOT glob-parent@5.1.2 OK for: fast-glob@3.3.3 want: ^5.1.2
1825 silly placeDep ROOT merge2@1.4.1 OK for: fast-glob@3.3.3 want: ^1.3.0
1826 silly placeDep ROOT micromatch@4.0.8 OK for: fast-glob@3.3.3 want: ^4.0.8
1827 silly fetch manifest fastq@^1.6.0
1828 silly packumentCache full:https://registry.npmjs.org/fastq cache-miss
1829 silly fetch manifest @nodelib/fs.scandir@2.1.5
1830 silly packumentCache full:https://registry.npmjs.org/@nodelib%2ffs.scandir cache-miss
1831 silly fetch manifest is-glob@^4.0.1
1832 silly packumentCache full:https://registry.npmjs.org/is-glob cache-miss
1833 silly fetch manifest braces@^3.0.3
1834 silly packumentCache full:https://registry.npmjs.org/braces cache-miss
1835 silly fetch manifest picomatch@^2.3.1
1836 silly packumentCache full:https://registry.npmjs.org/picomatch cache-miss
1837 http cache https://registry.npmjs.org/picomatch 6ms (cache hit)
1838 silly packumentCache full:https://registry.npmjs.org/picomatch set size:134451 disposed:false
1839 http fetch GET 200 https://registry.npmjs.org/is-glob 56ms (cache miss)
1840 silly packumentCache full:https://registry.npmjs.org/is-glob set size:undefined disposed:false
1841 http fetch GET 200 https://registry.npmjs.org/@nodelib%2ffs.scandir 74ms (cache miss)
1842 silly packumentCache full:https://registry.npmjs.org/@nodelib%2ffs.scandir set size:undefined disposed:false
1843 http fetch GET 200 https://registry.npmjs.org/fastq 77ms (cache miss)
1844 silly packumentCache full:https://registry.npmjs.org/fastq set size:undefined disposed:false
1845 http fetch GET 200 https://registry.npmjs.org/braces 79ms (cache miss)
1846 silly packumentCache full:https://registry.npmjs.org/braces set size:undefined disposed:false
1847 silly placeDep ROOT @nodelib/fs.scandir@2.1.5 OK for: @nodelib/fs.walk@1.2.8 want: 2.1.5
1848 silly placeDep ROOT fastq@1.20.3 OK for: @nodelib/fs.walk@1.2.8 want: ^1.6.0
1849 silly fetch manifest run-parallel@^1.1.9
1850 silly packumentCache full:https://registry.npmjs.org/run-parallel cache-miss
1851 silly fetch manifest reusify@^1.0.4
1852 silly packumentCache full:https://registry.npmjs.org/reusify cache-miss
1853 http fetch GET 200 https://registry.npmjs.org/reusify 52ms (cache miss)
1854 silly packumentCache full:https://registry.npmjs.org/reusify set size:undefined disposed:false
1855 http fetch GET 200 https://registry.npmjs.org/run-parallel 55ms (cache miss)
1856 silly packumentCache full:https://registry.npmjs.org/run-parallel set size:undefined disposed:false
1857 silly placeDep ROOT run-parallel@1.2.0 OK for: @nodelib/fs.scandir@2.1.5 want: ^1.1.9
1858 silly fetch manifest queue-microtask@^1.2.2
1859 silly packumentCache full:https://registry.npmjs.org/queue-microtask cache-miss
1860 http fetch GET 200 https://registry.npmjs.org/queue-microtask 70ms (cache miss)
1861 silly packumentCache full:https://registry.npmjs.org/queue-microtask set size:undefined disposed:false
1862 silly placeDep ROOT reusify@1.1.0 OK for: fastq@1.20.3 want: ^1.0.4
1863 silly placeDep ROOT is-glob@4.0.3 OK for: glob-parent@5.1.2 want: ^4.0.1
1864 silly fetch manifest is-extglob@^2.1.1
1865 silly packumentCache full:https://registry.npmjs.org/is-extglob cache-miss
1866 http fetch GET 200 https://registry.npmjs.org/is-extglob 56ms (cache miss)
1867 silly packumentCache full:https://registry.npmjs.org/is-extglob set size:undefined disposed:false
1868 silly placeDep ROOT is-extglob@2.1.1 OK for: is-glob@4.0.3 want: ^2.1.1
1869 silly placeDep ROOT braces@3.0.3 OK for: micromatch@4.0.8 want: ^3.0.3
1870 silly placeDep node_modules/micromatch picomatch@2.3.2 OK for: micromatch@4.0.8 want: ^2.3.1
1871 silly fetch manifest fill-range@^7.1.1
1872 silly packumentCache full:https://registry.npmjs.org/fill-range cache-miss
1873 http fetch GET 200 https://registry.npmjs.org/fill-range 84ms (cache miss)
1874 silly packumentCache full:https://registry.npmjs.org/fill-range set size:undefined disposed:false
1875 silly placeDep ROOT fill-range@7.1.1 OK for: braces@3.0.3 want: ^7.1.1
1876 silly fetch manifest to-regex-range@^5.0.1
1877 silly packumentCache full:https://registry.npmjs.org/to-regex-range cache-miss
1878 http fetch GET 200 https://registry.npmjs.org/to-regex-range 57ms (cache miss)
1879 silly packumentCache full:https://registry.npmjs.org/to-regex-range set size:undefined disposed:false
1880 silly placeDep ROOT to-regex-range@5.0.1 OK for: fill-range@7.1.1 want: ^5.0.1
1881 silly fetch manifest is-number@^7.0.0
1882 silly packumentCache full:https://registry.npmjs.org/is-number cache-miss
1883 http fetch GET 200 https://registry.npmjs.org/is-number 98ms (cache miss)
1884 silly packumentCache full:https://registry.npmjs.org/is-number set size:undefined disposed:false
1885 silly placeDep ROOT queue-microtask@1.2.3 OK for: run-parallel@1.2.0 want: ^1.2.2
1886 silly placeDep ROOT is-number@7.0.0 OK for: to-regex-range@5.0.1 want: ^7.0.0
1887 silly placeDep ROOT fsevents@2.3.3 OK for: tsx@4.21.0 want: ~2.3.3
1888 silly placeDep ROOT get-tsconfig@4.14.3 OK for: tsx@4.21.0 want: ^4.7.5
1889 silly fetch manifest resolve-pkg-maps@^1.0.0
1890 silly packumentCache full:https://registry.npmjs.org/resolve-pkg-maps cache-miss
1891 http fetch GET 200 https://registry.npmjs.org/resolve-pkg-maps 54ms (cache miss)
1892 silly packumentCache full:https://registry.npmjs.org/resolve-pkg-maps set size:undefined disposed:false
1893 silly placeDep ROOT resolve-pkg-maps@1.0.0 OK for: get-tsconfig@4.14.3 want: ^1.0.0
1894 silly placeDep ROOT @fastify/busboy@2.1.1 OK for: undici@5.29.0 want: ^2.0.0
1895 silly placeDep ROOT punycode@2.3.1 OK for: uri-js@4.4.1 want: ^2.1.0
1896 silly placeDep ROOT tr46@0.0.3 OK for: whatwg-url@5.0.0 want: ~0.0.3
1897 silly placeDep ROOT webidl-conversions@3.0.1 OK for: whatwg-url@5.0.0 want: ^3.0.0
1898 silly placeDep ROOT isexe@2.0.0 OK for: which@2.0.2 want: ^2.0.0
1899 silly placeDep ROOT os-paths@4.4.0 OK for: xdg-app-paths@5.5.1 want: ^4.0.1
1900 silly placeDep ROOT xdg-portable@7.3.0 OK for: xdg-app-paths@5.5.1 want: ^7.2.0
1901 silly placeDep ROOT yauzl@2.10.0 OK for: yauzl-promise@2.1.3 want: ^2.9.1
1902 silly placeDep ROOT yauzl-clone@1.0.4 OK for: yauzl-promise@2.1.3 want: ^1.0.4
1903 silly fetch manifest fd-slicer@~1.1.0
1904 silly packumentCache full:https://registry.npmjs.org/fd-slicer cache-miss
1905 silly fetch manifest buffer-crc32@~0.2.3
1906 silly packumentCache full:https://registry.npmjs.org/buffer-crc32 cache-miss
1907 silly fetch manifest events-intercept@^2.0.0
1908 silly packumentCache full:https://registry.npmjs.org/events-intercept cache-miss
1909 http fetch GET 200 https://registry.npmjs.org/fd-slicer 68ms (cache miss)
1910 silly packumentCache full:https://registry.npmjs.org/fd-slicer set size:undefined disposed:false
1911 http fetch GET 200 https://registry.npmjs.org/events-intercept 73ms (cache miss)
1912 silly packumentCache full:https://registry.npmjs.org/events-intercept set size:undefined disposed:false
1913 http fetch GET 200 https://registry.npmjs.org/buffer-crc32 78ms (cache miss)
1914 silly packumentCache full:https://registry.npmjs.org/buffer-crc32 set size:undefined disposed:false
1915 silly placeDep ROOT buffer-crc32@0.2.13 OK for: yauzl@2.10.0 want: ~0.2.3
1916 silly placeDep ROOT fd-slicer@1.1.0 OK for: yauzl@2.10.0 want: ~1.1.0
1917 silly fetch manifest pend@~1.2.0
1918 silly packumentCache full:https://registry.npmjs.org/pend cache-miss
1919 http fetch GET 200 https://registry.npmjs.org/pend 48ms (cache miss)
1920 silly packumentCache full:https://registry.npmjs.org/pend set size:undefined disposed:false
1921 silly placeDep ROOT pend@1.2.0 OK for: fd-slicer@1.1.0 want: ~1.2.0
1922 silly placeDep ROOT events-intercept@2.0.0 OK for: yauzl-clone@1.0.4 want: ^2.0.0
1923 silly placeDep ROOT brace-expansion@1.1.21 OK for: minimatch@3.1.5 want: ^1.1.7
1924 silly fetch manifest concat-map@0.0.1
1925 silly packumentCache full:https://registry.npmjs.org/concat-map cache-miss
1926 silly fetch manifest balanced-match@^1.0.0
1927 silly packumentCache full:https://registry.npmjs.org/balanced-match cache-miss
1928 http fetch GET 200 https://registry.npmjs.org/balanced-match 65ms (cache miss)
1929 silly packumentCache full:https://registry.npmjs.org/balanced-match set size:undefined disposed:false
1930 http fetch GET 200 https://registry.npmjs.org/concat-map 71ms (cache miss)
1931 silly packumentCache full:https://registry.npmjs.org/concat-map set size:undefined disposed:false
1932 silly placeDep ROOT balanced-match@1.0.2 OK for: brace-expansion@1.1.21 want: ^1.0.0
1933 silly placeDep ROOT concat-map@0.0.1 OK for: brace-expansion@1.1.21 want: 0.0.1
1934 silly placeDep node_modules/@vercel/cli-exec get-stream@6.0.1 OK for: execa@5.1.1 want: ^6.0.0
1935 silly placeDep node_modules/@vercel/cli-exec human-signals@2.1.0 OK for: execa@5.1.1 want: ^2.1.0
1936 silly placeDep node_modules/@vercel/cli-exec signal-exit@3.0.7 OK for: execa@5.1.1 want: ^3.0.3
1937 silly placeDep node_modules/@vercel/rust get-stream@6.0.1 OK for: execa@5.1.1 want: ^6.0.0
1938 silly placeDep node_modules/@vercel/rust human-signals@2.1.0 OK for: execa@5.1.1 want: ^2.1.0
1939 silly placeDep node_modules/@vercel/rust signal-exit@3.0.7 OK for: execa@5.1.1 want: ^3.0.3
1940 silly placeDep node_modules/glob brace-expansion@5.0.12 OK for: minimatch@10.2.6 want: ^5.0.8
1941 silly fetch manifest balanced-match@^4.0.2
1942 silly packumentCache full:https://registry.npmjs.org/balanced-match cache-miss
1943 http cache https://registry.npmjs.org/balanced-match 3ms (cache hit)
1944 silly packumentCache full:https://registry.npmjs.org/balanced-match set size:39082 disposed:false
1945 silly placeDep node_modules/glob balanced-match@4.0.4 OK for: brace-expansion@5.0.12 want: ^4.0.2
1946 silly placeDep node_modules/sandbox ms@2.1.3 OK for: debug@4.4.3 want: ^2.1.3
1947 silly placeDep node_modules/semver yallist@4.0.0 OK for: lru-cache@6.0.0 want: ^4.0.0
1948 silly placeDep node_modules/stream-to-promise once@1.3.3 OK for: end-of-stream@1.1.0 want: ~1.3.0
1949 warn EBADENGINE Unsupported engine {
1949 warn EBADENGINE   package: '@renovatebot/pep440@4.2.1',
1949 warn EBADENGINE   required: { node: '^20.9.0 || ^22.11.0 || ^24', pnpm: '^10.0.0' },
1949 warn EBADENGINE   current: { node: 'v26.4.0', npm: '11.20.0' }
1949 warn EBADENGINE }
1950 silly reify moves {}
1951 silly audit bulk request {
1951 silly audit   vercel: [ '60.1.3' ],
1951 silly audit   '@vercel/backends': [ '11.0.1' ],
1951 silly audit   '@vercel/build-utils': [ '14.13.1' ],
1951 silly audit   '@vercel/blob': [ '2.8.0' ],
1951 silly audit   '@vercel/cli-auth': [ '0.3.9' ],
1951 silly audit   '@vercel/cli-config': [ '0.3.0' ],
1951 silly audit   '@vercel/container': [ '11.0.1' ],
1951 silly audit   '@vercel/detect-agent': [ '1.2.5' ],
1951 silly audit   '@vercel/elysia': [ '11.0.1' ],
1951 silly audit   '@vercel/express': [ '11.0.1' ],
1951 silly audit   '@vercel/fastify': [ '11.0.1' ],
1951 silly audit   '@vercel/fun': [ '1.3.0' ],
1951 silly audit   '@vercel/go': [ '14.0.1' ],
1951 silly audit   '@vercel/h3': [ '11.0.1' ],
1951 silly audit   '@vercel/hono': [ '11.0.1' ],
1951 silly audit   '@vercel/hydrogen': [ '12.0.1' ],
1951 silly audit   '@vercel/koa': [ '11.0.1' ],
1951 silly audit   '@vercel/nestjs': [ '11.0.1' ],
1951 silly audit   '@vercel/next': [ '15.0.1' ],
1951 silly audit   '@vercel/node': [ '16.0.1' ],
1951 silly audit   '@vercel/prepare-flags-definitions': [ '0.3.0' ],
1951 silly audit   '@vercel/python': [ '17.0.1' ],
1951 silly audit   '@vercel/python-analysis': [ '0.14.0' ],
1951 silly audit   '@vercel/redwood': [ '13.0.1' ],
1951 silly audit   '@vercel/remix-builder': [ '16.0.1' ],
1951 silly audit   '@vercel/ruby': [ '13.0.1' ],
1951 silly audit   '@vercel/rust': [ '12.0.1' ],
1951 silly audit   '@vercel/static-build': [ '13.0.1' ],
1951 silly audit   '@vercel/vc-native-darwin-arm64': [ '60.1.3' ],
1951 silly audit   '@vercel/vc-native-darwin-x64': [ '60.1.3' ],
1951 silly audit   '@vercel/vc-native-linux-arm64': [ '60.1.3' ],
1951 silly audit   '@vercel/vc-native-linux-x64': [ '60.1.3' ],
1951 silly audit   '@vercel/vc-native-win32-arm64': [ '60.1.3' ],
1951 silly audit   '@vercel/vc-native-win32-x64': [ '60.1.3' ],
1951 silly audit   chokidar: [ '4.0.0' ],
1951 silly audit   esbuild: [ '0.27.0' ],
1951 silly audit   jose: [ '5.9.6', '6.2.3' ],
1951 silly audit   'jsonc-parser': [ '3.3.1' ],
1951 silly audit   luxon: [ '3.7.2' ],
1951 silly audit   sandbox: [ '4.1.0' ],
1951 silly audit   'smol-toml': [ '1.5.2' ],
1951 silly audit   undici: [ '5.29.0', '6.29.0', '5.28.4', '7.30.0' ],
1951 silly audit   uuid: [ '14.0.1' ],
1951 silly audit   zod: [ '4.1.11', '3.22.4' ],
1951 silly audit   '@vercel/nft': [ '1.10.0' ],
1951 silly audit   '@vercel/static-config': [ '3.4.3' ],
1951 silly audit   execa: [ '3.2.0', '5.1.1' ],
1951 silly audit   'fs-extra': [ '11.1.0', '11.1.1' ],
1951 silly audit   'get-port': [ '5.1.1' ],
1951 silly audit   'oxc-transform': [ '0.111.0' ],
1951 silly audit   'path-to-regexp': [ '8.3.0', '8.2.0', '6.1.0', '6.3.0' ],
1951 silly audit   'resolve.exports': [ '2.0.3' ],
1951 silly audit   rolldown: [ '1.0.0-rc.1' ],
1951 silly audit   srvx: [ '0.11.16' ],
1951 silly audit   'ts-morph': [ '12.0.0' ],
1951 silly audit   tsx: [ '4.21.0' ],
1951 silly audit   '@vercel/oidc': [ '3.8.9', '3.2.0' ],
1951 silly audit   'async-retry': [ '1.3.3' ],
1951 silly audit   'is-buffer': [ '2.0.5' ],
1951 silly audit   'is-node-process': [ '1.2.0' ],
1951 silly audit   throttleit: [ '2.1.0' ],
1951 silly audit   'cjs-module-lexer': [ '1.2.3' ],
1951 silly audit   'es-module-lexer': [ '1.5.0', '1.4.1' ],
1951 silly audit   '@napi-rs/keyring': [ '1.2.0' ],
1951 silly audit   'async-listen': [ '3.0.0', '1.2.0', '3.0.1' ],
1951 silly audit   open: [ '8.4.0' ],
1951 silly audit   '@napi-rs/keyring-darwin-arm64': [ '1.2.0' ],
1951 silly audit   '@napi-rs/keyring-darwin-x64': [ '1.2.0' ],
1951 silly audit   '@napi-rs/keyring-freebsd-x64': [ '1.2.0' ],
1951 silly audit   '@napi-rs/keyring-linux-arm-gnueabihf': [ '1.2.0' ],
1951 silly audit   '@napi-rs/keyring-linux-arm64-gnu': [ '1.2.0' ],
1951 silly audit   '@napi-rs/keyring-linux-arm64-musl': [ '1.2.0' ],
1951 silly audit   '@napi-rs/keyring-linux-riscv64-gnu': [ '1.2.0' ],
1951 silly audit   '@napi-rs/keyring-linux-x64-gnu': [ '1.2.0' ],
1951 silly audit   '@napi-rs/keyring-linux-x64-musl': [ '1.2.0' ],
1951 silly audit   '@napi-rs/keyring-win32-arm64-msvc': [ '1.2.0' ],
1951 silly audit   '@napi-rs/keyring-win32-ia32-msvc': [ '1.2.0' ],
1951 silly audit   '@napi-rs/keyring-win32-x64-msvc': [ '1.2.0' ],
1951 silly audit   'xdg-app-paths': [ '5.5.1', '5.1.0' ],
1951 silly audit   tar: [ '7.5.11', '7.5.7' ],
1951 silly audit   '@vercel/cervel': [ '0.1.70' ],
1951 silly audit   '@tootallnate/once': [ '2.0.0' ],
1951 silly audit   debug: [ '4.3.4', '4.4.3' ],
1951 silly audit   'generic-pool': [ '3.4.2' ],
1951 silly audit   micro: [ '9.3.5-canary.3' ],
1951 silly audit   ms: [ '2.1.1', '2.1.2', '2.1.3' ],
1951 silly audit   'node-fetch': [ '2.6.7', '2.6.9' ],
1951 silly audit   promisepipe: [ '3.0.0' ],
1951 silly audit   semver: [ '7.5.4', '6.3.1' ],
1951 silly audit   'stat-mode': [ '0.3.0' ],
1951 silly audit   'stream-to-promise': [ '2.2.0' ],
1951 silly audit   tinyexec: [ '0.3.2' ],
1951 silly audit   'tree-kill': [ '1.2.2' ],
1951 silly audit   'uid-promise': [ '1.0.0' ],
1951 silly audit   'yauzl-promise': [ '2.1.3' ],
1951 silly audit   '@mapbox/node-pre-gyp': [ '2.0.3' ],
1951 silly audit   '@rollup/pluginutils': [ '5.4.0' ],
1951 silly audit   acorn: [ '8.18.0' ],
1951 silly audit   'acorn-import-attributes': [ '1.9.5' ],
1951 silly audit   'async-sema': [ '3.1.1' ],
1951 silly audit   bindings: [ '1.5.0' ],
1951 silly audit   'estree-walker': [ '2.0.2' ],
1951 silly audit   glob: [ '13.0.6' ],
1951 silly audit   'graceful-fs': [ '4.2.11' ],
1951 silly audit   'node-gyp-build': [ '4.8.4' ],
1951 silly audit   picomatch: [ '4.0.7', '2.3.2' ],
1951 silly audit   'resolve-from': [ '5.0.0' ],
1951 silly audit   consola: [ '3.4.2' ],
1951 silly audit   'detect-libc': [ '2.1.2' ],
1951 silly audit   'https-proxy-agent': [ '7.0.6' ],
1951 silly audit   nopt: [ '8.1.0' ],
1951 silly audit   '@types/estree': [ '1.0.9' ],
1951 silly audit   '@edge-runtime/node-utils': [ '2.3.0' ],
1951 silly audit   '@edge-runtime/primitives': [ '4.1.0' ],
1951 silly audit   '@edge-runtime/vm': [ '3.2.0' ],
1951 silly audit   '@types/node': [ '20.11.0' ],
1951 silly audit   '@vercel/error-utils': [ '2.2.1' ],
1951 silly audit   'edge-runtime': [ '2.5.9' ],
1951 silly audit   etag: [ '1.8.1' ],
1951 silly audit   'mime-types': [ '2.1.35' ],
1951 silly audit   typescript: [ '5.9.3' ],
1951 silly audit   'undici-types': [ '5.26.5' ],
1951 silly audit   '@vercel/cli-exec': [ '1.0.1' ],
1951 silly audit   '@bytecodealliance/preview2-shim': [ '0.17.6' ],
1951 silly audit   '@renovatebot/pep440': [ '4.2.1' ],
1951 silly audit   'js-yaml': [ '4.1.1' ],
1951 silly audit   minimatch: [ '10.1.1', '10.2.6', '3.1.5' ],
1951 silly audit   '@vercel/gatsby-plugin-vercel-analytics': [ '1.0.12' ],
1951 silly audit   '@vercel/gatsby-plugin-vercel-builder': [ '2.2.62' ],
1951 silly audit   'web-vitals': [ '0.2.4' ],
1951 silly audit   '@sinclair/typebox': [ '0.25.24' ],
1951 silly audit   ajv: [ '8.6.3' ],
1951 silly audit   'json-schema-to-ts': [ '1.6.4' ],
1951 silly audit   'oxc-parser': [ '0.121.0' ],
1951 silly audit   'fast-deep-equal': [ '3.1.3' ],
1951 silly audit   'json-schema-traverse': [ '1.0.0' ],
1951 silly audit   'require-from-string': [ '2.0.2' ],
1951 silly audit   'uri-js': [ '4.4.1' ],
1951 silly audit   retry: [ '0.13.1' ],
1951 silly audit   'file-uri-to-path': [ '1.0.0' ],
1951 silly audit   readdirp: [ '4.1.2' ],
1951 silly audit   '@edge-runtime/format': [ '2.2.1' ],
1951 silly audit   '@edge-runtime/ponyfill': [ '2.4.2' ],
1951 silly audit   mri: [ '1.2.0' ],
1951 silly audit   picocolors: [ '1.0.0', '1.1.1' ],
1951 silly audit   'pretty-ms': [ '7.0.1' ],
1951 silly audit   'signal-exit': [ '4.0.2', '3.0.7' ],
1951 silly audit   'time-span': [ '4.0.0' ],
1951 silly audit   '@esbuild/aix-ppc64': [ '0.27.0' ],
1951 silly audit   '@esbuild/android-arm': [ '0.27.0' ],
1951 silly audit   '@esbuild/android-arm64': [ '0.27.0' ],
1951 silly audit   '@esbuild/android-x64': [ '0.27.0' ],
1951 silly audit   '@esbuild/darwin-arm64': [ '0.27.0' ],
1951 silly audit   '@esbuild/darwin-x64': [ '0.27.0' ],
1951 silly audit   '@esbuild/freebsd-arm64': [ '0.27.0' ],
1951 silly audit   '@esbuild/freebsd-x64': [ '0.27.0' ],
1951 silly audit   '@esbuild/linux-arm': [ '0.27.0' ],
1951 silly audit   '@esbuild/linux-arm64': [ '0.27.0' ],
1951 silly audit   '@esbuild/linux-ia32': [ '0.27.0' ],
1951 silly audit   '@esbuild/linux-loong64': [ '0.27.0' ],
1951 silly audit   '@esbuild/linux-mips64el': [ '0.27.0' ],
1951 silly audit   '@esbuild/linux-ppc64': [ '0.27.0' ],
1951 silly audit   '@esbuild/linux-riscv64': [ '0.27.0' ],
1951 silly audit   '@esbuild/linux-s390x': [ '0.27.0' ],
1951 silly audit   '@esbuild/linux-x64': [ '0.27.0' ],
1951 silly audit   '@esbuild/netbsd-arm64': [ '0.27.0' ],
1951 silly audit   '@esbuild/netbsd-x64': [ '0.27.0' ],
1951 silly audit   '@esbuild/openbsd-arm64': [ '0.27.0' ],
1951 silly audit   '@esbuild/openbsd-x64': [ '0.27.0' ],
1951 silly audit   '@esbuild/openharmony-arm64': [ '0.27.0' ],
1951 silly audit   '@esbuild/sunos-x64': [ '0.27.0' ],
1951 silly audit   '@esbuild/win32-arm64': [ '0.27.0' ],
1951 silly audit   '@esbuild/win32-ia32': [ '0.27.0' ],
1951 silly audit   '@esbuild/win32-x64': [ '0.27.0' ],
1951 silly audit   'cross-spawn': [ '7.0.6' ],
1951 silly audit   'get-stream': [ '5.2.0', '6.0.1' ],
1951 silly audit   'human-signals': [ '1.1.1', '2.1.0' ],
1951 silly audit   'is-stream': [ '2.0.1' ],
1951 silly audit   'merge-stream': [ '2.0.0' ],
1951 silly audit   'npm-run-path': [ '4.0.1' ],
1951 silly audit   onetime: [ '5.1.2' ],
1951 silly audit   'p-finally': [ '2.0.1' ],
1951 silly audit   'strip-final-newline': [ '2.0.0' ],
1951 silly audit   'path-key': [ '3.1.1' ],
1951 silly audit   'shebang-command': [ '2.0.0' ],
1951 silly audit   which: [ '2.0.2' ],
1951 silly audit   jsonfile: [ '6.2.1' ],
1951 silly audit   universalify: [ '2.0.1' ],
1951 silly audit   pump: [ '3.0.4' ],
1951 silly audit   minipass: [ '7.1.3' ],
1951 silly audit   'path-scurry': [ '2.0.2' ],
1951 silly audit   'agent-base': [ '7.1.4' ],
1951 silly audit   argparse: [ '2.0.1' ],
1951 silly audit   '@types/json-schema': [ '7.0.15' ],
1951 silly audit   'ts-toolbelt': [ '6.15.5' ],
1951 silly audit   arg: [ '4.1.0' ],
1951 silly audit   'content-type': [ '1.0.4' ],
1951 silly audit   'raw-body': [ '2.4.1' ],
1951 silly audit   'mime-db': [ '1.52.0' ],
1951 silly audit   '@isaacs/brace-expansion': [ '5.0.1' ],
1951 silly audit   '@isaacs/balanced-match': [ '4.0.1' ],
1951 silly audit   'whatwg-url': [ '5.0.0' ],
1951 silly audit   abbrev: [ '3.0.1' ],
1951 silly audit   'mimic-fn': [ '2.1.0' ],
1951 silly audit   'define-lazy-prop': [ '2.0.0' ],
1951 silly audit   'is-docker': [ '2.2.1' ],
1951 silly audit   'is-wsl': [ '2.2.0' ],
1951 silly audit   '@oxc-parser/binding-android-arm-eabi': [ '0.121.0' ],
1951 silly audit   '@oxc-parser/binding-android-arm64': [ '0.121.0' ],
1951 silly audit   '@oxc-parser/binding-darwin-arm64': [ '0.121.0' ],
1951 silly audit   '@oxc-parser/binding-darwin-x64': [ '0.121.0' ],
1951 silly audit   '@oxc-parser/binding-freebsd-x64': [ '0.121.0' ],
1951 silly audit   '@oxc-parser/binding-linux-arm-gnueabihf': [ '0.121.0' ],
1951 silly audit   '@oxc-parser/binding-linux-arm-musleabihf': [ '0.121.0' ],
1951 silly audit   '@oxc-parser/binding-linux-arm64-gnu': [ '0.121.0' ],
1951 silly audit   '@oxc-parser/binding-linux-arm64-musl': [ '0.121.0' ],
1951 silly audit   '@oxc-parser/binding-linux-ppc64-gnu': [ '0.121.0' ],
1951 silly audit   '@oxc-parser/binding-linux-riscv64-gnu': [ '0.121.0' ],
1951 silly audit   '@oxc-parser/binding-linux-riscv64-musl': [ '0.121.0' ],
1951 silly audit   '@oxc-parser/binding-linux-s390x-gnu': [ '0.121.0' ],
1951 silly audit   '@oxc-parser/binding-linux-x64-gnu': [ '0.121.0' ],
1951 silly audit   '@oxc-parser/binding-linux-x64-musl': [ '0.121.0' ],
1951 silly audit   '@oxc-parser/binding-openharmony-arm64': [ '0.121.0' ],
1951 silly audit   '@oxc-parser/binding-wasm32-wasi': [ '0.121.0' ],
1951 silly audit   '@oxc-parser/binding-win32-arm64-msvc': [ '0.121.0' ],
1951 silly audit   '@oxc-parser/binding-win32-ia32-msvc': [ '0.121.0' ],
1951 silly audit   '@oxc-parser/binding-win32-x64-msvc': [ '0.121.0' ],
1951 silly audit   '@oxc-project/types': [ '0.121.0', '0.110.0' ],
1951 silly audit   '@napi-rs/wasm-runtime': [ '1.2.4' ],
1951 silly audit   '@emnapi/core': [ '1.11.3' ],
1951 silly audit   '@emnapi/runtime': [ '1.11.3' ],
1951 silly audit   '@emnapi/wasi-threads': [ '1.2.3' ],
1951 silly audit   tslib: [ '2.8.1' ],
1951 silly audit   '@tybys/wasm-util': [ '0.10.4' ],
1951 silly audit   '@oxc-transform/binding-android-arm-eabi': [ '0.111.0' ],
1951 silly audit   '@oxc-transform/binding-android-arm64': [ '0.111.0' ],
1951 silly audit   '@oxc-transform/binding-darwin-arm64': [ '0.111.0' ],
1951 silly audit   '@oxc-transform/binding-darwin-x64': [ '0.111.0' ],
1951 silly audit   '@oxc-transform/binding-freebsd-x64': [ '0.111.0' ],
1951 silly audit   '@oxc-transform/binding-linux-arm-gnueabihf': [ '0.111.0' ],
1951 silly audit   '@oxc-transform/binding-linux-arm-musleabihf': [ '0.111.0' ],
1951 silly audit   '@oxc-transform/binding-linux-arm64-gnu': [ '0.111.0' ],
1951 silly audit   '@oxc-transform/binding-linux-arm64-musl': [ '0.111.0' ],
1951 silly audit   '@oxc-transform/binding-linux-ppc64-gnu': [ '0.111.0' ],
1951 silly audit   '@oxc-transform/binding-linux-riscv64-gnu': [ '0.111.0' ],
1951 silly audit   '@oxc-transform/binding-linux-riscv64-musl': [ '0.111.0' ],
1951 silly audit   '@oxc-transform/binding-linux-s390x-gnu': [ '0.111.0' ],
1951 silly audit   '@oxc-transform/binding-linux-x64-gnu': [ '0.111.0' ],
1951 silly audit   '@oxc-transform/binding-linux-x64-musl': [ '0.111.0' ],
1951 silly audit   '@oxc-transform/binding-openharmony-arm64': [ '0.111.0' ],
1951 silly audit   '@oxc-transform/binding-wasm32-wasi': [ '0.111.0' ],
1951 silly audit   '@oxc-transform/binding-win32-arm64-msvc': [ '0.111.0' ],
1951 silly audit   '@oxc-transform/binding-win32-ia32-msvc': [ '0.111.0' ],
1951 silly audit   '@oxc-transform/binding-win32-x64-msvc': [ '0.111.0' ],
1951 silly audit   'lru-cache': [ '11.5.3', '10.4.3', '6.0.0' ],
1951 silly audit   'parse-ms': [ '2.1.0' ],
1951 silly audit   'end-of-stream': [ '1.4.5', '1.1.0' ],
1951 silly audit   once: [ '1.4.0', '1.3.3' ],
1951 silly audit   wrappy: [ '1.0.2' ],
1951 silly audit   bytes: [ '3.1.0' ],
1951 silly audit   'http-errors': [ '1.7.3' ],
1951 silly audit   'iconv-lite': [ '0.4.24' ],
1951 silly audit   unpipe: [ '1.0.0' ],
1951 silly audit   depd: [ '1.1.2' ],
1951 silly audit   inherits: [ '2.0.4' ],
1951 silly audit   setprototypeof: [ '1.1.1' ],
1951 silly audit   statuses: [ '1.5.0' ],
1951 silly audit   toidentifier: [ '1.0.0' ],
1951 silly audit   'safer-buffer': [ '2.1.2' ],
1951 silly audit   '@rolldown/binding-android-arm64': [ '1.0.0-rc.1' ],
1951 silly audit   '@rolldown/binding-darwin-arm64': [ '1.0.0-rc.1' ],
1951 silly audit   '@rolldown/binding-darwin-x64': [ '1.0.0-rc.1' ],
1951 silly audit   '@rolldown/binding-freebsd-x64': [ '1.0.0-rc.1' ],
1951 silly audit   '@rolldown/binding-linux-arm-gnueabihf': [ '1.0.0-rc.1' ],
1951 silly audit   '@rolldown/binding-linux-arm64-gnu': [ '1.0.0-rc.1' ],
1951 silly audit   '@rolldown/binding-linux-arm64-musl': [ '1.0.0-rc.1' ],
1951 silly audit   '@rolldown/binding-linux-x64-gnu': [ '1.0.0-rc.1' ],
1951 silly audit   '@rolldown/binding-linux-x64-musl': [ '1.0.0-rc.1' ],
1951 silly audit   '@rolldown/binding-openharmony-arm64': [ '1.0.0-rc.1' ],
1951 silly audit   '@rolldown/binding-wasm32-wasi': [ '1.0.0-rc.1' ],
1951 silly audit   '@rolldown/binding-win32-arm64-msvc': [ '1.0.0-rc.1' ],
1951 silly audit   '@rolldown/binding-win32-x64-msvc': [ '1.0.0-rc.1' ],
1951 silly audit   '@rolldown/pluginutils': [ '1.0.0-rc.1' ],
1951 silly audit   '@vercel/sandbox': [ '3.1.0' ],
1951 silly audit   ws: [ '8.22.0' ],
1951 silly audit   '@workflow/serde': [ '4.1.0-beta.2' ],
1951 silly audit   jsonlines: [ '0.1.1' ],
1951 silly audit   'tar-stream': [ '3.1.7' ],
1951 silly audit   'shebang-regex': [ '3.0.0' ],
1951 silly audit   'any-promise': [ '1.3.0' ],
1951 silly audit   'stream-to-array': [ '2.3.0' ],
1951 silly audit   '@isaacs/fs-minipass': [ '4.0.1' ],
1951 silly audit   chownr: [ '3.0.0' ],
1951 silly audit   minizlib: [ '3.1.0' ],
1951 silly audit   yallist: [ '5.0.0', '4.0.0' ],
1951 silly audit   b4a: [ '1.9.0' ],
1951 silly audit   'fast-fifo': [ '1.3.2' ],
1951 silly audit   streamx: [ '2.28.1' ],
1951 silly audit   'events-universal': [ '1.0.1' ],
1951 silly audit   'text-decoder': [ '1.2.7' ],
1951 silly audit   'bare-events': [ '2.9.2' ],
1951 silly audit   'convert-hrtime': [ '3.0.0' ],
1951 silly audit   '@ts-morph/common': [ '0.11.1' ],
1951 silly audit   'code-block-writer': [ '10.1.1' ],
1951 silly audit   'fast-glob': [ '3.3.3' ],
1951 silly audit   mkdirp: [ '1.0.4' ],
1951 silly audit   'path-browserify': [ '1.0.1' ],
1951 silly audit   '@nodelib/fs.stat': [ '2.0.5' ],
1951 silly audit   '@nodelib/fs.walk': [ '1.2.8' ],
1951 silly audit   'glob-parent': [ '5.1.2' ],
1951 silly audit   merge2: [ '1.4.1' ],
1951 silly audit   micromatch: [ '4.0.8' ],
1951 silly audit   '@nodelib/fs.scandir': [ '2.1.5' ],
1951 silly audit   fastq: [ '1.20.3' ],
1951 silly audit   'run-parallel': [ '1.2.0' ],
1951 silly audit   reusify: [ '1.1.0' ],
1951 silly audit   'is-glob': [ '4.0.3' ],
1951 silly audit   'is-extglob': [ '2.1.1' ],
1951 silly audit   braces: [ '3.0.3' ],
1951 silly audit   'fill-range': [ '7.1.1' ],
1951 silly audit   'to-regex-range': [ '5.0.1' ],
1951 silly audit   'queue-microtask': [ '1.2.3' ],
1951 silly audit   'is-number': [ '7.0.0' ],
1951 silly audit   fsevents: [ '2.3.3' ],
1951 silly audit   'get-tsconfig': [ '4.14.3' ],
1951 silly audit   'resolve-pkg-maps': [ '1.0.0' ],
1951 silly audit   '@fastify/busboy': [ '2.1.1' ],
1951 silly audit   punycode: [ '2.3.1' ],
1951 silly audit   tr46: [ '0.0.3' ],
1951 silly audit   'webidl-conversions': [ '3.0.1' ],
1951 silly audit   isexe: [ '2.0.0' ],
1951 silly audit   'os-paths': [ '4.4.0' ],
1951 silly audit   'xdg-portable': [ '7.3.0' ],
1951 silly audit   yauzl: [ '2.10.0' ],
1951 silly audit   'yauzl-clone': [ '1.0.4' ],
1951 silly audit   'buffer-crc32': [ '0.2.13' ],
1951 silly audit   'fd-slicer': [ '1.1.0' ],
1951 silly audit   pend: [ '1.2.0' ],
1951 silly audit   'events-intercept': [ '2.0.0' ],
1951 silly audit   'brace-expansion': [ '1.1.21', '5.0.12' ],
1951 silly audit   'balanced-match': [ '1.0.2', '4.0.4' ],
1951 silly audit   'concat-map': [ '0.0.1' ]
1951 silly audit }
1952 http cache balanced-match@https://registry.npmjs.org/balanced-match/-/balanced-match-1.0.2.tgz 0ms (cache hit)
1953 http cache concat-map@https://registry.npmjs.org/concat-map/-/concat-map-0.0.1.tgz 0ms (cache hit)
1954 http cache events-intercept@https://registry.npmjs.org/events-intercept/-/events-intercept-2.0.0.tgz 0ms (cache hit)
1955 http cache brace-expansion@https://registry.npmjs.org/brace-expansion/-/brace-expansion-1.1.21.tgz 0ms (cache hit)
1956 http cache fd-slicer@https://registry.npmjs.org/fd-slicer/-/fd-slicer-1.1.0.tgz 0ms (cache hit)
1957 http cache pend@https://registry.npmjs.org/pend/-/pend-1.2.0.tgz 0ms (cache hit)
1958 http cache buffer-crc32@https://registry.npmjs.org/buffer-crc32/-/buffer-crc32-0.2.13.tgz 0ms (cache hit)
1959 http cache yauzl-clone@https://registry.npmjs.org/yauzl-clone/-/yauzl-clone-1.0.4.tgz 0ms (cache hit)
1960 http cache yauzl@https://registry.npmjs.org/yauzl/-/yauzl-2.10.0.tgz 0ms (cache hit)
1961 http cache xdg-portable@https://registry.npmjs.org/xdg-portable/-/xdg-portable-7.3.0.tgz 0ms (cache hit)
1962 http cache os-paths@https://registry.npmjs.org/os-paths/-/os-paths-4.4.0.tgz 0ms (cache hit)
1963 http cache isexe@https://registry.npmjs.org/isexe/-/isexe-2.0.0.tgz 0ms (cache hit)
1964 http cache webidl-conversions@https://registry.npmjs.org/webidl-conversions/-/webidl-conversions-3.0.1.tgz 0ms (cache hit)
1965 http cache punycode@https://registry.npmjs.org/punycode/-/punycode-2.3.1.tgz 0ms (cache hit)
1966 http cache tr46@https://registry.npmjs.org/tr46/-/tr46-0.0.3.tgz 0ms (cache hit)
1967 http cache @fastify/busboy@https://registry.npmjs.org/@fastify/busboy/-/busboy-2.1.1.tgz 0ms (cache hit)
1968 http cache get-tsconfig@https://registry.npmjs.org/get-tsconfig/-/get-tsconfig-4.14.3.tgz 0ms (cache hit)
1969 http cache resolve-pkg-maps@https://registry.npmjs.org/resolve-pkg-maps/-/resolve-pkg-maps-1.0.0.tgz 0ms (cache hit)
1970 http cache is-number@https://registry.npmjs.org/is-number/-/is-number-7.0.0.tgz 0ms (cache hit)
1971 http cache queue-microtask@https://registry.npmjs.org/queue-microtask/-/queue-microtask-1.2.3.tgz 0ms (cache hit)
1972 http cache to-regex-range@https://registry.npmjs.org/to-regex-range/-/to-regex-range-5.0.1.tgz 0ms (cache hit)
1973 http cache fill-range@https://registry.npmjs.org/fill-range/-/fill-range-7.1.1.tgz 0ms (cache hit)
1974 http cache is-extglob@https://registry.npmjs.org/is-extglob/-/is-extglob-2.1.1.tgz 0ms (cache hit)
1975 http cache is-glob@https://registry.npmjs.org/is-glob/-/is-glob-4.0.3.tgz 0ms (cache hit)
1976 http cache reusify@https://registry.npmjs.org/reusify/-/reusify-1.1.0.tgz 0ms (cache hit)
1977 http cache run-parallel@https://registry.npmjs.org/run-parallel/-/run-parallel-1.2.0.tgz 0ms (cache hit)
1978 http cache fastq@https://registry.npmjs.org/fastq/-/fastq-1.20.3.tgz 0ms (cache hit)
1979 http cache @nodelib/fs.scandir@https://registry.npmjs.org/@nodelib/fs.scandir/-/fs.scandir-2.1.5.tgz 0ms (cache hit)
1980 http cache micromatch@https://registry.npmjs.org/micromatch/-/micromatch-4.0.8.tgz 0ms (cache hit)
1981 http cache merge2@https://registry.npmjs.org/merge2/-/merge2-1.4.1.tgz 0ms (cache hit)
1982 http cache glob-parent@https://registry.npmjs.org/glob-parent/-/glob-parent-5.1.2.tgz 0ms (cache hit)
1983 http cache @nodelib/fs.walk@https://registry.npmjs.org/@nodelib/fs.walk/-/fs.walk-1.2.8.tgz 0ms (cache hit)
1984 http cache path-browserify@https://registry.npmjs.org/path-browserify/-/path-browserify-1.0.1.tgz 0ms (cache hit)
1985 http cache @nodelib/fs.stat@https://registry.npmjs.org/@nodelib/fs.stat/-/fs.stat-2.0.5.tgz 0ms (cache hit)
1986 http cache mkdirp@https://registry.npmjs.org/mkdirp/-/mkdirp-1.0.4.tgz 0ms (cache hit)
1987 http cache fast-glob@https://registry.npmjs.org/fast-glob/-/fast-glob-3.3.3.tgz 0ms (cache hit)
1988 http cache @ts-morph/common@https://registry.npmjs.org/@ts-morph/common/-/common-0.11.1.tgz 0ms (cache hit)
1989 http cache code-block-writer@https://registry.npmjs.org/code-block-writer/-/code-block-writer-10.1.1.tgz 0ms (cache hit)
1990 http cache bare-events@https://registry.npmjs.org/bare-events/-/bare-events-2.9.2.tgz 0ms (cache hit)
1991 http cache convert-hrtime@https://registry.npmjs.org/convert-hrtime/-/convert-hrtime-3.0.0.tgz 0ms (cache hit)
1992 http cache events-universal@https://registry.npmjs.org/events-universal/-/events-universal-1.0.1.tgz 0ms (cache hit)
1993 http cache text-decoder@https://registry.npmjs.org/text-decoder/-/text-decoder-1.2.7.tgz 0ms (cache hit)
1994 http cache fast-fifo@https://registry.npmjs.org/fast-fifo/-/fast-fifo-1.3.2.tgz 0ms (cache hit)
1995 http cache streamx@https://registry.npmjs.org/streamx/-/streamx-2.28.1.tgz 0ms (cache hit)
1996 http cache yallist@https://registry.npmjs.org/yallist/-/yallist-5.0.0.tgz 0ms (cache hit)
1997 http cache b4a@https://registry.npmjs.org/b4a/-/b4a-1.9.0.tgz 0ms (cache hit)
1998 http cache minizlib@https://registry.npmjs.org/minizlib/-/minizlib-3.1.0.tgz 0ms (cache hit)
1999 http cache chownr@https://registry.npmjs.org/chownr/-/chownr-3.0.0.tgz 0ms (cache hit)
2000 http cache @isaacs/fs-minipass@https://registry.npmjs.org/@isaacs/fs-minipass/-/fs-minipass-4.0.1.tgz 0ms (cache hit)
2001 http cache stream-to-array@https://registry.npmjs.org/stream-to-array/-/stream-to-array-2.3.0.tgz 0ms (cache hit)
2002 http cache any-promise@https://registry.npmjs.org/any-promise/-/any-promise-1.3.0.tgz 0ms (cache hit)
2003 http cache tar-stream@https://registry.npmjs.org/tar-stream/-/tar-stream-3.1.7.tgz 0ms (cache hit)
2004 http cache shebang-regex@https://registry.npmjs.org/shebang-regex/-/shebang-regex-3.0.0.tgz 0ms (cache hit)
2005 http cache jsonlines@https://registry.npmjs.org/jsonlines/-/jsonlines-0.1.1.tgz 0ms (cache hit)
2006 http cache @workflow/serde@https://registry.npmjs.org/@workflow/serde/-/serde-4.1.0-beta.2.tgz 0ms (cache hit)
2007 http cache ws@https://registry.npmjs.org/ws/-/ws-8.22.0.tgz 0ms (cache hit)
2008 http cache @vercel/sandbox@https://registry.npmjs.org/@vercel/sandbox/-/sandbox-3.1.0.tgz 0ms (cache hit)
2009 http cache @rolldown/pluginutils@https://registry.npmjs.org/@rolldown/pluginutils/-/pluginutils-1.0.0-rc.1.tgz 0ms (cache hit)
2010 http cache @rolldown/binding-android-arm64@https://registry.npmjs.org/@rolldown/binding-android-arm64/-/binding-android-arm64-1.0.0-rc.1.tgz 0ms (cache hit)
2011 http cache safer-buffer@https://registry.npmjs.org/safer-buffer/-/safer-buffer-2.1.2.tgz 0ms (cache hit)
2012 http cache statuses@https://registry.npmjs.org/statuses/-/statuses-1.5.0.tgz 0ms (cache hit)
2013 http cache toidentifier@https://registry.npmjs.org/toidentifier/-/toidentifier-1.0.0.tgz 0ms (cache hit)
2014 http cache setprototypeof@https://registry.npmjs.org/setprototypeof/-/setprototypeof-1.1.1.tgz 1ms (cache hit)
2015 http cache inherits@https://registry.npmjs.org/inherits/-/inherits-2.0.4.tgz 0ms (cache hit)
2016 http cache depd@https://registry.npmjs.org/depd/-/depd-1.1.2.tgz 0ms (cache hit)
2017 http cache unpipe@https://registry.npmjs.org/unpipe/-/unpipe-1.0.0.tgz 0ms (cache hit)
2018 http cache iconv-lite@https://registry.npmjs.org/iconv-lite/-/iconv-lite-0.4.24.tgz 0ms (cache hit)
2019 http cache wrappy@https://registry.npmjs.org/wrappy/-/wrappy-1.0.2.tgz 0ms (cache hit)
2020 http cache once@https://registry.npmjs.org/once/-/once-1.4.0.tgz 0ms (cache hit)
2021 http cache bytes@https://registry.npmjs.org/bytes/-/bytes-3.1.0.tgz 0ms (cache hit)
2022 http cache end-of-stream@https://registry.npmjs.org/end-of-stream/-/end-of-stream-1.4.5.tgz 0ms (cache hit)
2023 http cache parse-ms@https://registry.npmjs.org/parse-ms/-/parse-ms-2.1.0.tgz 0ms (cache hit)
2024 http cache lru-cache@https://registry.npmjs.org/lru-cache/-/lru-cache-11.5.3.tgz 0ms (cache hit)
2025 http cache @oxc-transform/binding-android-arm64@https://registry.npmjs.org/@oxc-transform/binding-android-arm64/-/binding-android-arm64-0.111.0.tgz 0ms (cache hit)
2026 http cache http-errors@https://registry.npmjs.org/http-errors/-/http-errors-1.7.3.tgz 0ms (cache hit)
2027 http cache @oxc-project/types@https://registry.npmjs.org/@oxc-project/types/-/types-0.121.0.tgz 0ms (cache hit)
2028 http cache @oxc-parser/binding-android-arm64@https://registry.npmjs.org/@oxc-parser/binding-android-arm64/-/binding-android-arm64-0.121.0.tgz 0ms (cache hit)
2029 http cache is-wsl@https://registry.npmjs.org/is-wsl/-/is-wsl-2.2.0.tgz 0ms (cache hit)
2030 http cache define-lazy-prop@https://registry.npmjs.org/define-lazy-prop/-/define-lazy-prop-2.0.0.tgz 0ms (cache hit)
2031 http cache is-docker@https://registry.npmjs.org/is-docker/-/is-docker-2.2.1.tgz 0ms (cache hit)
2032 http cache abbrev@https://registry.npmjs.org/abbrev/-/abbrev-3.0.1.tgz 0ms (cache hit)
2033 http cache mimic-fn@https://registry.npmjs.org/mimic-fn/-/mimic-fn-2.1.0.tgz 0ms (cache hit)
2034 http cache whatwg-url@https://registry.npmjs.org/whatwg-url/-/whatwg-url-5.0.0.tgz 0ms (cache hit)
2035 http cache @isaacs/balanced-match@https://registry.npmjs.org/@isaacs/balanced-match/-/balanced-match-4.0.1.tgz 0ms (cache hit)
2036 http cache @isaacs/brace-expansion@https://registry.npmjs.org/@isaacs/brace-expansion/-/brace-expansion-5.0.1.tgz 0ms (cache hit)
2037 http cache raw-body@https://registry.npmjs.org/raw-body/-/raw-body-2.4.1.tgz 0ms (cache hit)
2038 http cache mime-db@https://registry.npmjs.org/mime-db/-/mime-db-1.52.0.tgz 0ms (cache hit)
2039 http cache content-type@https://registry.npmjs.org/content-type/-/content-type-1.0.4.tgz 0ms (cache hit)
2040 http cache ts-toolbelt@https://registry.npmjs.org/ts-toolbelt/-/ts-toolbelt-6.15.5.tgz 0ms (cache hit)
2041 http cache arg@https://registry.npmjs.org/arg/-/arg-4.1.0.tgz 0ms (cache hit)
2042 http cache @types/json-schema@https://registry.npmjs.org/@types/json-schema/-/json-schema-7.0.15.tgz 0ms (cache hit)
2043 http cache argparse@https://registry.npmjs.org/argparse/-/argparse-2.0.1.tgz 0ms (cache hit)
2044 http cache agent-base@https://registry.npmjs.org/agent-base/-/agent-base-7.1.4.tgz 0ms (cache hit)
2045 http cache pump@https://registry.npmjs.org/pump/-/pump-3.0.4.tgz 0ms (cache hit)
2046 http cache path-scurry@https://registry.npmjs.org/path-scurry/-/path-scurry-2.0.2.tgz 0ms (cache hit)
2047 http cache which@https://registry.npmjs.org/which/-/which-2.0.2.tgz 0ms (cache hit)
2048 http cache shebang-command@https://registry.npmjs.org/shebang-command/-/shebang-command-2.0.0.tgz 0ms (cache hit)
2049 http cache path-key@https://registry.npmjs.org/path-key/-/path-key-3.1.1.tgz 0ms (cache hit)
2050 http cache minipass@https://registry.npmjs.org/minipass/-/minipass-7.1.3.tgz 0ms (cache hit)
2051 http cache strip-final-newline@https://registry.npmjs.org/strip-final-newline/-/strip-final-newline-2.0.0.tgz 0ms (cache hit)
2052 http cache p-finally@https://registry.npmjs.org/p-finally/-/p-finally-2.0.1.tgz 0ms (cache hit)
2053 http cache braces@https://registry.npmjs.org/braces/-/braces-3.0.3.tgz 0ms (cache hit)
2054 http cache onetime@https://registry.npmjs.org/onetime/-/onetime-5.1.2.tgz 0ms (cache hit)
2055 http cache universalify@https://registry.npmjs.org/universalify/-/universalify-2.0.1.tgz 0ms (cache hit)
2056 http cache npm-run-path@https://registry.npmjs.org/npm-run-path/-/npm-run-path-4.0.1.tgz 0ms (cache hit)
2057 http cache merge-stream@https://registry.npmjs.org/merge-stream/-/merge-stream-2.0.0.tgz 0ms (cache hit)
2058 http cache is-stream@https://registry.npmjs.org/is-stream/-/is-stream-2.0.1.tgz 0ms (cache hit)
2059 http cache human-signals@https://registry.npmjs.org/human-signals/-/human-signals-1.1.1.tgz 0ms (cache hit)
2060 http cache cross-spawn@https://registry.npmjs.org/cross-spawn/-/cross-spawn-7.0.6.tgz 0ms (cache hit)
2061 http cache get-stream@https://registry.npmjs.org/get-stream/-/get-stream-5.2.0.tgz 0ms (cache hit)
2062 http cache @esbuild/android-arm64@https://registry.npmjs.org/@esbuild/android-arm64/-/android-arm64-0.27.0.tgz 0ms (cache hit)
2063 http cache jsonfile@https://registry.npmjs.org/jsonfile/-/jsonfile-6.2.1.tgz 0ms (cache hit)
2064 http cache time-span@https://registry.npmjs.org/time-span/-/time-span-4.0.0.tgz 0ms (cache hit)
2065 http cache pretty-ms@https://registry.npmjs.org/pretty-ms/-/pretty-ms-7.0.1.tgz 0ms (cache hit)
2066 http cache picocolors@https://registry.npmjs.org/picocolors/-/picocolors-1.0.0.tgz 0ms (cache hit)
2067 http cache @edge-runtime/ponyfill@https://registry.npmjs.org/@edge-runtime/ponyfill/-/ponyfill-2.4.2.tgz 0ms (cache hit)
2068 http cache mri@https://registry.npmjs.org/mri/-/mri-1.2.0.tgz 0ms (cache hit)
2069 http cache readdirp@https://registry.npmjs.org/readdirp/-/readdirp-4.1.2.tgz 0ms (cache hit)
2070 http cache retry@https://registry.npmjs.org/retry/-/retry-0.13.1.tgz 0ms (cache hit)
2071 http cache file-uri-to-path@https://registry.npmjs.org/file-uri-to-path/-/file-uri-to-path-1.0.0.tgz 0ms (cache hit)
2072 http cache uri-js@https://registry.npmjs.org/uri-js/-/uri-js-4.4.1.tgz 0ms (cache hit)
2073 http cache require-from-string@https://registry.npmjs.org/require-from-string/-/require-from-string-2.0.2.tgz 0ms (cache hit)
2074 http cache @edge-runtime/format@https://registry.npmjs.org/@edge-runtime/format/-/format-2.2.1.tgz 0ms (cache hit)
2075 http cache json-schema-traverse@https://registry.npmjs.org/json-schema-traverse/-/json-schema-traverse-1.0.0.tgz 0ms (cache hit)
2076 http cache fast-deep-equal@https://registry.npmjs.org/fast-deep-equal/-/fast-deep-equal-3.1.3.tgz 0ms (cache hit)
2077 http cache oxc-parser@https://registry.npmjs.org/oxc-parser/-/oxc-parser-0.121.0.tgz 0ms (cache hit)
2078 http cache json-schema-to-ts@https://registry.npmjs.org/json-schema-to-ts/-/json-schema-to-ts-1.6.4.tgz 0ms (cache hit)
2079 http cache ajv@https://registry.npmjs.org/ajv/-/ajv-8.6.3.tgz 0ms (cache hit)
2080 http cache web-vitals@https://registry.npmjs.org/web-vitals/-/web-vitals-0.2.4.tgz 1ms (cache hit)
2081 http cache @sinclair/typebox@https://registry.npmjs.org/@sinclair/typebox/-/typebox-0.25.24.tgz 0ms (cache hit)
2082 http cache @vercel/gatsby-plugin-vercel-builder@https://registry.npmjs.org/@vercel/gatsby-plugin-vercel-builder/-/gatsby-plugin-vercel-builder-2.2.62.tgz 0ms (cache hit)
2083 http cache minimatch@https://registry.npmjs.org/minimatch/-/minimatch-10.1.1.tgz 0ms (cache hit)
2084 http cache @vercel/gatsby-plugin-vercel-analytics@https://registry.npmjs.org/@vercel/gatsby-plugin-vercel-analytics/-/gatsby-plugin-vercel-analytics-1.0.12.tgz 0ms (cache hit)
2085 http cache js-yaml@https://registry.npmjs.org/js-yaml/-/js-yaml-4.1.1.tgz 0ms (cache hit)
2086 http cache @renovatebot/pep440@https://registry.npmjs.org/@renovatebot/pep440/-/pep440-4.2.1.tgz 0ms (cache hit)
2087 http cache @bytecodealliance/preview2-shim@https://registry.npmjs.org/@bytecodealliance/preview2-shim/-/preview2-shim-0.17.6.tgz 0ms (cache hit)
2088 http cache @vercel/cli-exec@https://registry.npmjs.org/@vercel/cli-exec/-/cli-exec-1.0.1.tgz 0ms (cache hit)
2089 http cache undici-types@https://registry.npmjs.org/undici-types/-/undici-types-5.26.5.tgz 0ms (cache hit)
2090 http cache typescript@https://registry.npmjs.org/typescript/-/typescript-5.9.3.tgz 0ms (cache hit)
2091 http cache path-to-regexp-updated@https://registry.npmjs.org/path-to-regexp/-/path-to-regexp-6.3.0.tgz 0ms (cache hit)
2092 http cache mime-types@https://registry.npmjs.org/mime-types/-/mime-types-2.1.35.tgz 0ms (cache hit)
2093 http cache etag@https://registry.npmjs.org/etag/-/etag-1.8.1.tgz 0ms (cache hit)
2094 http cache edge-runtime@https://registry.npmjs.org/edge-runtime/-/edge-runtime-2.5.9.tgz 0ms (cache hit)
2095 http cache @vercel/error-utils@https://registry.npmjs.org/@vercel/error-utils/-/error-utils-2.2.1.tgz 0ms (cache hit)
2096 http cache @types/node@https://registry.npmjs.org/@types/node/-/node-20.11.0.tgz 0ms (cache hit)
2097 http cache @edge-runtime/vm@https://registry.npmjs.org/@edge-runtime/vm/-/vm-3.2.0.tgz 0ms (cache hit)
2098 http cache @edge-runtime/node-utils@https://registry.npmjs.org/@edge-runtime/node-utils/-/node-utils-2.3.0.tgz 0ms (cache hit)
2099 http cache @edge-runtime/primitives@https://registry.npmjs.org/@edge-runtime/primitives/-/primitives-4.1.0.tgz 0ms (cache hit)
2100 http cache nopt@https://registry.npmjs.org/nopt/-/nopt-8.1.0.tgz 0ms (cache hit)
2101 http cache @types/estree@https://registry.npmjs.org/@types/estree/-/estree-1.0.9.tgz 0ms (cache hit)
2102 http cache https-proxy-agent@https://registry.npmjs.org/https-proxy-agent/-/https-proxy-agent-7.0.6.tgz 0ms (cache hit)
2103 http cache detect-libc@https://registry.npmjs.org/detect-libc/-/detect-libc-2.1.2.tgz 0ms (cache hit)
2104 http cache consola@https://registry.npmjs.org/consola/-/consola-3.4.2.tgz 0ms (cache hit)
2105 http cache resolve-from@https://registry.npmjs.org/resolve-from/-/resolve-from-5.0.0.tgz 0ms (cache hit)
2106 http cache picomatch@https://registry.npmjs.org/picomatch/-/picomatch-4.0.7.tgz 0ms (cache hit)
2107 http cache node-gyp-build@https://registry.npmjs.org/node-gyp-build/-/node-gyp-build-4.8.4.tgz 0ms (cache hit)
2108 http cache graceful-fs@https://registry.npmjs.org/graceful-fs/-/graceful-fs-4.2.11.tgz 0ms (cache hit)
2109 http cache glob@https://registry.npmjs.org/glob/-/glob-13.0.6.tgz 0ms (cache hit)
2110 http cache bindings@https://registry.npmjs.org/bindings/-/bindings-1.5.0.tgz 0ms (cache hit)
2111 http cache estree-walker@https://registry.npmjs.org/estree-walker/-/estree-walker-2.0.2.tgz 0ms (cache hit)
2112 http cache async-sema@https://registry.npmjs.org/async-sema/-/async-sema-3.1.1.tgz 0ms (cache hit)
2113 http cache acorn-import-attributes@https://registry.npmjs.org/acorn-import-attributes/-/acorn-import-attributes-1.9.5.tgz 0ms (cache hit)
2114 http cache acorn@https://registry.npmjs.org/acorn/-/acorn-8.18.0.tgz 0ms (cache hit)
2115 http cache @rollup/pluginutils@https://registry.npmjs.org/@rollup/pluginutils/-/pluginutils-5.4.0.tgz 0ms (cache hit)
2116 http cache @mapbox/node-pre-gyp@https://registry.npmjs.org/@mapbox/node-pre-gyp/-/node-pre-gyp-2.0.3.tgz 0ms (cache hit)
2117 http cache yauzl-promise@https://registry.npmjs.org/yauzl-promise/-/yauzl-promise-2.1.3.tgz 0ms (cache hit)
2118 http cache uid-promise@https://registry.npmjs.org/uid-promise/-/uid-promise-1.0.0.tgz 0ms (cache hit)
2119 http cache tree-kill@https://registry.npmjs.org/tree-kill/-/tree-kill-1.2.2.tgz 0ms (cache hit)
2120 http cache tinyexec@https://registry.npmjs.org/tinyexec/-/tinyexec-0.3.2.tgz 0ms (cache hit)
2121 http cache stream-to-promise@https://registry.npmjs.org/stream-to-promise/-/stream-to-promise-2.2.0.tgz 0ms (cache hit)
2122 http cache stat-mode@https://registry.npmjs.org/stat-mode/-/stat-mode-0.3.0.tgz 0ms (cache hit)
2123 http cache semver@https://registry.npmjs.org/semver/-/semver-7.5.4.tgz 0ms (cache hit)
2124 http cache promisepipe@https://registry.npmjs.org/promisepipe/-/promisepipe-3.0.0.tgz 0ms (cache hit)
2125 http cache node-fetch@https://registry.npmjs.org/node-fetch/-/node-fetch-2.6.7.tgz 0ms (cache hit)
2126 http cache ms@https://registry.npmjs.org/ms/-/ms-2.1.1.tgz 0ms (cache hit)
2127 http cache micro@https://registry.npmjs.org/micro/-/micro-9.3.5-canary.3.tgz 0ms (cache hit)
2128 http cache generic-pool@https://registry.npmjs.org/generic-pool/-/generic-pool-3.4.2.tgz 0ms (cache hit)
2129 http cache debug@https://registry.npmjs.org/debug/-/debug-4.3.4.tgz 0ms (cache hit)
2130 http cache @tootallnate/once@https://registry.npmjs.org/@tootallnate/once/-/once-2.0.0.tgz 0ms (cache hit)
2131 http cache @vercel/cervel@https://registry.npmjs.org/@vercel/cervel/-/cervel-0.1.70.tgz 0ms (cache hit)
2132 http cache tar@https://registry.npmjs.org/tar/-/tar-7.5.11.tgz 0ms (cache hit)
2133 http cache xdg-app-paths@https://registry.npmjs.org/xdg-app-paths/-/xdg-app-paths-5.5.1.tgz 0ms (cache hit)
2134 http cache open@https://registry.npmjs.org/open/-/open-8.4.0.tgz 0ms (cache hit)
2135 http cache async-listen@https://registry.npmjs.org/async-listen/-/async-listen-3.0.0.tgz 0ms (cache hit)
2136 http cache signal-exit@https://registry.npmjs.org/signal-exit/-/signal-exit-4.0.2.tgz 0ms (cache hit)
2137 http cache @napi-rs/keyring@https://registry.npmjs.org/@napi-rs/keyring/-/keyring-1.2.0.tgz 0ms (cache hit)
2138 http cache es-module-lexer@https://registry.npmjs.org/es-module-lexer/-/es-module-lexer-1.5.0.tgz 0ms (cache hit)
2139 http cache cjs-module-lexer@https://registry.npmjs.org/cjs-module-lexer/-/cjs-module-lexer-1.2.3.tgz 0ms (cache hit)
2140 http cache throttleit@https://registry.npmjs.org/throttleit/-/throttleit-2.1.0.tgz 0ms (cache hit)
2141 http cache is-node-process@https://registry.npmjs.org/is-node-process/-/is-node-process-1.2.0.tgz 0ms (cache hit)
2142 http cache is-buffer@https://registry.npmjs.org/is-buffer/-/is-buffer-2.0.5.tgz 0ms (cache hit)
2143 http cache async-retry@https://registry.npmjs.org/async-retry/-/async-retry-1.3.3.tgz 0ms (cache hit)
2144 http cache @vercel/oidc@https://registry.npmjs.org/@vercel/oidc/-/oidc-3.8.9.tgz 0ms (cache hit)
2145 http cache tsx@https://registry.npmjs.org/tsx/-/tsx-4.21.0.tgz 0ms (cache hit)
2146 http cache ts-morph@https://registry.npmjs.org/ts-morph/-/ts-morph-12.0.0.tgz 0ms (cache hit)
2147 http cache srvx@https://registry.npmjs.org/srvx/-/srvx-0.11.16.tgz 0ms (cache hit)
2148 http cache rolldown@https://registry.npmjs.org/rolldown/-/rolldown-1.0.0-rc.1.tgz 0ms (cache hit)
2149 http cache resolve.exports@https://registry.npmjs.org/resolve.exports/-/resolve.exports-2.0.3.tgz 0ms (cache hit)
2150 http cache path-to-regexp@https://registry.npmjs.org/path-to-regexp/-/path-to-regexp-8.3.0.tgz 0ms (cache hit)
2151 http cache oxc-transform@https://registry.npmjs.org/oxc-transform/-/oxc-transform-0.111.0.tgz 0ms (cache hit)
2152 http cache get-port@https://registry.npmjs.org/get-port/-/get-port-5.1.1.tgz 0ms (cache hit)
2153 http cache fs-extra@https://registry.npmjs.org/fs-extra/-/fs-extra-11.1.0.tgz 0ms (cache hit)
2154 http cache execa@https://registry.npmjs.org/execa/-/execa-3.2.0.tgz 0ms (cache hit)
2155 http cache @vercel/static-config@https://registry.npmjs.org/@vercel/static-config/-/static-config-3.4.3.tgz 0ms (cache hit)
2156 http cache @vercel/nft@https://registry.npmjs.org/@vercel/nft/-/nft-1.10.0.tgz 0ms (cache hit)
2157 http cache zod@https://registry.npmjs.org/zod/-/zod-4.1.11.tgz 0ms (cache hit)
2158 http cache uuid@https://registry.npmjs.org/uuid/-/uuid-14.0.1.tgz 0ms (cache hit)
2159 http cache undici@https://registry.npmjs.org/undici/-/undici-5.29.0.tgz 0ms (cache hit)
2160 http cache smol-toml@https://registry.npmjs.org/smol-toml/-/smol-toml-1.5.2.tgz 0ms (cache hit)
2161 http cache sandbox@https://registry.npmjs.org/sandbox/-/sandbox-4.1.0.tgz 0ms (cache hit)
2162 http cache luxon@https://registry.npmjs.org/luxon/-/luxon-3.7.2.tgz 0ms (cache hit)
2163 http cache jsonc-parser@https://registry.npmjs.org/jsonc-parser/-/jsonc-parser-3.3.1.tgz 0ms (cache hit)
2164 http cache jose@https://registry.npmjs.org/jose/-/jose-5.9.6.tgz 0ms (cache hit)
2165 http cache esbuild@https://registry.npmjs.org/esbuild/-/esbuild-0.27.0.tgz 0ms (cache hit)
2166 http cache chokidar@https://registry.npmjs.org/chokidar/-/chokidar-4.0.0.tgz 0ms (cache hit)
2167 http cache @vercel/static-build@https://registry.npmjs.org/@vercel/static-build/-/static-build-13.0.1.tgz 0ms (cache hit)
2168 http cache @vercel/rust@https://registry.npmjs.org/@vercel/rust/-/rust-12.0.1.tgz 0ms (cache hit)
2169 http cache @vercel/ruby@https://registry.npmjs.org/@vercel/ruby/-/ruby-13.0.1.tgz 0ms (cache hit)
2170 http cache @vercel/remix-builder@https://registry.npmjs.org/@vercel/remix-builder/-/remix-builder-16.0.1.tgz 0ms (cache hit)
2171 http cache @vercel/redwood@https://registry.npmjs.org/@vercel/redwood/-/redwood-13.0.1.tgz 0ms (cache hit)
2172 http cache @vercel/python-analysis@https://registry.npmjs.org/@vercel/python-analysis/-/python-analysis-0.14.0.tgz 0ms (cache hit)
2173 http cache @vercel/python@https://registry.npmjs.org/@vercel/python/-/python-17.0.1.tgz 0ms (cache hit)
2174 http cache @vercel/prepare-flags-definitions@https://registry.npmjs.org/@vercel/prepare-flags-definitions/-/prepare-flags-definitions-0.3.0.tgz 0ms (cache hit)
2175 http cache @vercel/node@https://registry.npmjs.org/@vercel/node/-/node-16.0.1.tgz 0ms (cache hit)
2176 http cache @vercel/nestjs@https://registry.npmjs.org/@vercel/nestjs/-/nestjs-11.0.1.tgz 0ms (cache hit)
2177 http cache @vercel/next@https://registry.npmjs.org/@vercel/next/-/next-15.0.1.tgz 0ms (cache hit)
2178 http cache @vercel/hydrogen@https://registry.npmjs.org/@vercel/hydrogen/-/hydrogen-12.0.1.tgz 0ms (cache hit)
2179 http cache @vercel/koa@https://registry.npmjs.org/@vercel/koa/-/koa-11.0.1.tgz 0ms (cache hit)
2180 http cache @vercel/hono@https://registry.npmjs.org/@vercel/hono/-/hono-11.0.1.tgz 0ms (cache hit)
2181 http cache @vercel/h3@https://registry.npmjs.org/@vercel/h3/-/h3-11.0.1.tgz 0ms (cache hit)
2182 http cache @vercel/go@https://registry.npmjs.org/@vercel/go/-/go-14.0.1.tgz 0ms (cache hit)
2183 http cache @vercel/fun@https://registry.npmjs.org/@vercel/fun/-/fun-1.3.0.tgz 0ms (cache hit)
2184 http cache @vercel/fastify@https://registry.npmjs.org/@vercel/fastify/-/fastify-11.0.1.tgz 0ms (cache hit)
2185 http cache @vercel/express@https://registry.npmjs.org/@vercel/express/-/express-11.0.1.tgz 0ms (cache hit)
2186 http cache @vercel/elysia@https://registry.npmjs.org/@vercel/elysia/-/elysia-11.0.1.tgz 0ms (cache hit)
2187 http cache @vercel/detect-agent@https://registry.npmjs.org/@vercel/detect-agent/-/detect-agent-1.2.5.tgz 0ms (cache hit)
2188 http cache @vercel/container@https://registry.npmjs.org/@vercel/container/-/container-11.0.1.tgz 0ms (cache hit)
2189 http cache @vercel/cli-config@https://registry.npmjs.org/@vercel/cli-config/-/cli-config-0.3.0.tgz 0ms (cache hit)
2190 http cache @vercel/cli-auth@https://registry.npmjs.org/@vercel/cli-auth/-/cli-auth-0.3.9.tgz 0ms (cache hit)
2191 http cache @vercel/blob@https://registry.npmjs.org/@vercel/blob/-/blob-2.8.0.tgz 0ms (cache hit)
2192 http cache @vercel/build-utils@https://registry.npmjs.org/@vercel/build-utils/-/build-utils-14.13.1.tgz 0ms (cache hit)
2193 http cache @vercel/backends@https://registry.npmjs.org/@vercel/backends/-/backends-11.0.1.tgz 0ms (cache hit)
2194 http cache vercel@https://registry.npmjs.org/vercel/-/vercel-60.1.3.tgz 0ms (cache hit)
2195 http cache picomatch@https://registry.npmjs.org/picomatch/-/picomatch-2.3.2.tgz 0ms (cache hit)
2196 http cache minimatch@https://registry.npmjs.org/minimatch/-/minimatch-3.1.5.tgz 0ms (cache hit)
2197 http cache undici@https://registry.npmjs.org/undici/-/undici-7.30.0.tgz 0ms (cache hit)
2198 http cache xdg-app-paths@https://registry.npmjs.org/xdg-app-paths/-/xdg-app-paths-5.1.0.tgz 0ms (cache hit)
2199 http cache picocolors@https://registry.npmjs.org/picocolors/-/picocolors-1.1.1.tgz 0ms (cache hit)
2200 http cache ms@https://registry.npmjs.org/ms/-/ms-2.1.3.tgz 0ms (cache hit)
2201 http cache lru-cache@https://registry.npmjs.org/lru-cache/-/lru-cache-10.4.3.tgz 0ms (cache hit)
2202 http cache jose@https://registry.npmjs.org/jose/-/jose-6.2.3.tgz 0ms (cache hit)
2203 http cache @vercel/oidc@https://registry.npmjs.org/@vercel/oidc/-/oidc-3.2.0.tgz 0ms (cache hit)
2204 http cache signal-exit@https://registry.npmjs.org/signal-exit/-/signal-exit-3.0.7.tgz 0ms (cache hit)
2205 http cache human-signals@https://registry.npmjs.org/human-signals/-/human-signals-2.1.0.tgz 0ms (cache hit)
2206 http cache get-stream@https://registry.npmjs.org/get-stream/-/get-stream-6.0.1.tgz 0ms (cache hit)
2207 http cache execa@https://registry.npmjs.org/execa/-/execa-5.1.1.tgz 0ms (cache hit)
2208 http cache async-listen@https://registry.npmjs.org/async-listen/-/async-listen-3.0.1.tgz 0ms (cache hit)
2209 http cache balanced-match@https://registry.npmjs.org/balanced-match/-/balanced-match-4.0.4.tgz 0ms (cache hit)
2210 http cache brace-expansion@https://registry.npmjs.org/brace-expansion/-/brace-expansion-5.0.12.tgz 0ms (cache hit)
2211 http cache minimatch@https://registry.npmjs.org/minimatch/-/minimatch-10.2.6.tgz 0ms (cache hit)
2212 http cache once@https://registry.npmjs.org/once/-/once-1.3.3.tgz 0ms (cache hit)
2213 http cache end-of-stream@https://registry.npmjs.org/end-of-stream/-/end-of-stream-1.1.0.tgz 0ms (cache hit)
2214 http cache yallist@https://registry.npmjs.org/yallist/-/yallist-4.0.0.tgz 0ms (cache hit)
2215 http cache lru-cache@https://registry.npmjs.org/lru-cache/-/lru-cache-6.0.0.tgz 0ms (cache hit)
2216 http cache ms@https://registry.npmjs.org/ms/-/ms-2.1.2.tgz 0ms (cache hit)
2217 http cache @oxc-project/types@https://registry.npmjs.org/@oxc-project/types/-/types-0.110.0.tgz 0ms (cache hit)
2218 http cache signal-exit@https://registry.npmjs.org/signal-exit/-/signal-exit-3.0.7.tgz 0ms (cache hit)
2219 http cache ms@https://registry.npmjs.org/ms/-/ms-2.1.3.tgz 0ms (cache hit)
2220 http cache debug@https://registry.npmjs.org/debug/-/debug-4.4.3.tgz 0ms (cache hit)
2221 http cache signal-exit@https://registry.npmjs.org/signal-exit/-/signal-exit-3.0.7.tgz 0ms (cache hit)
2222 http cache human-signals@https://registry.npmjs.org/human-signals/-/human-signals-2.1.0.tgz 0ms (cache hit)
2223 http cache get-stream@https://registry.npmjs.org/get-stream/-/get-stream-6.0.1.tgz 0ms (cache hit)
2224 http cache execa@https://registry.npmjs.org/execa/-/execa-5.1.1.tgz 0ms (cache hit)
2225 http cache path-to-regexp@https://registry.npmjs.org/path-to-regexp/-/path-to-regexp-6.1.0.tgz 0ms (cache hit)
2226 http cache semver@https://registry.npmjs.org/semver/-/semver-6.3.1.tgz 0ms (cache hit)
2227 http cache zod@https://registry.npmjs.org/zod/-/zod-3.22.4.tgz 0ms (cache hit)
2228 http cache fs-extra@https://registry.npmjs.org/fs-extra/-/fs-extra-11.1.1.tgz 0ms (cache hit)
2229 http cache undici@https://registry.npmjs.org/undici/-/undici-5.28.4.tgz 0ms (cache hit)
2230 http cache path-to-regexp@https://registry.npmjs.org/path-to-regexp/-/path-to-regexp-6.1.0.tgz 0ms (cache hit)
2231 http cache es-module-lexer@https://registry.npmjs.org/es-module-lexer/-/es-module-lexer-1.4.1.tgz 0ms (cache hit)
2232 http cache node-fetch@https://registry.npmjs.org/node-fetch/-/node-fetch-2.6.9.tgz 0ms (cache hit)
2233 http cache zod@https://registry.npmjs.org/zod/-/zod-3.22.4.tgz 0ms (cache hit)
2234 http cache xdg-app-paths@https://registry.npmjs.org/xdg-app-paths/-/xdg-app-paths-5.1.0.tgz 0ms (cache hit)
2235 http cache tar@https://registry.npmjs.org/tar/-/tar-7.5.7.tgz 0ms (cache hit)
2236 http cache async-listen@https://registry.npmjs.org/async-listen/-/async-listen-1.2.0.tgz 0ms (cache hit)
2237 http cache path-to-regexp@https://registry.npmjs.org/path-to-regexp/-/path-to-regexp-8.2.0.tgz 0ms (cache hit)
2238 http cache zod@https://registry.npmjs.org/zod/-/zod-3.22.4.tgz 0ms (cache hit)
2239 http cache zod@https://registry.npmjs.org/zod/-/zod-3.22.4.tgz 0ms (cache hit)
2240 http cache undici@https://registry.npmjs.org/undici/-/undici-6.29.0.tgz 0ms (cache hit)
2241 silly tarball no local data for balanced-match@https://registry.npmjs.org/balanced-match/-/balanced-match-1.0.2.tgz. Extracting by manifest.
2242 silly tarball no local data for concat-map@https://registry.npmjs.org/concat-map/-/concat-map-0.0.1.tgz. Extracting by manifest.
2243 silly tarball no local data for fd-slicer@https://registry.npmjs.org/fd-slicer/-/fd-slicer-1.1.0.tgz. Extracting by manifest.
2244 silly tarball no local data for pend@https://registry.npmjs.org/pend/-/pend-1.2.0.tgz. Extracting by manifest.
2245 silly tarball no local data for buffer-crc32@https://registry.npmjs.org/buffer-crc32/-/buffer-crc32-0.2.13.tgz. Extracting by manifest.
2246 silly tarball no local data for yauzl-clone@https://registry.npmjs.org/yauzl-clone/-/yauzl-clone-1.0.4.tgz. Extracting by manifest.
2247 silly tarball no local data for yauzl@https://registry.npmjs.org/yauzl/-/yauzl-2.10.0.tgz. Extracting by manifest.
2248 silly tarball no local data for xdg-portable@https://registry.npmjs.org/xdg-portable/-/xdg-portable-7.3.0.tgz. Extracting by manifest.
2249 silly tarball no local data for os-paths@https://registry.npmjs.org/os-paths/-/os-paths-4.4.0.tgz. Extracting by manifest.
2250 silly tarball no local data for isexe@https://registry.npmjs.org/isexe/-/isexe-2.0.0.tgz. Extracting by manifest.
2251 silly tarball no local data for webidl-conversions@https://registry.npmjs.org/webidl-conversions/-/webidl-conversions-3.0.1.tgz. Extracting by manifest.
2252 silly tarball no local data for punycode@https://registry.npmjs.org/punycode/-/punycode-2.3.1.tgz. Extracting by manifest.
2253 silly tarball no local data for tr46@https://registry.npmjs.org/tr46/-/tr46-0.0.3.tgz. Extracting by manifest.
2254 silly tarball no local data for @fastify/busboy@https://registry.npmjs.org/@fastify/busboy/-/busboy-2.1.1.tgz. Extracting by manifest.
2255 silly tarball no local data for events-intercept@https://registry.npmjs.org/events-intercept/-/events-intercept-2.0.0.tgz. Extracting by manifest.
2256 silly tarball no local data for brace-expansion@https://registry.npmjs.org/brace-expansion/-/brace-expansion-1.1.21.tgz. Extracting by manifest.
2257 silly tarball no local data for get-tsconfig@https://registry.npmjs.org/get-tsconfig/-/get-tsconfig-4.14.3.tgz. Extracting by manifest.
2258 silly tarball no local data for resolve-pkg-maps@https://registry.npmjs.org/resolve-pkg-maps/-/resolve-pkg-maps-1.0.0.tgz. Extracting by manifest.
2259 silly tarball no local data for queue-microtask@https://registry.npmjs.org/queue-microtask/-/queue-microtask-1.2.3.tgz. Extracting by manifest.
2260 silly tarball no local data for is-number@https://registry.npmjs.org/is-number/-/is-number-7.0.0.tgz. Extracting by manifest.
2261 silly tarball no local data for fill-range@https://registry.npmjs.org/fill-range/-/fill-range-7.1.1.tgz. Extracting by manifest.
2262 silly tarball no local data for to-regex-range@https://registry.npmjs.org/to-regex-range/-/to-regex-range-5.0.1.tgz. Extracting by manifest.
2263 silly tarball no local data for is-extglob@https://registry.npmjs.org/is-extglob/-/is-extglob-2.1.1.tgz. Extracting by manifest.
2264 silly tarball no local data for is-glob@https://registry.npmjs.org/is-glob/-/is-glob-4.0.3.tgz. Extracting by manifest.
2265 silly tarball no local data for reusify@https://registry.npmjs.org/reusify/-/reusify-1.1.0.tgz. Extracting by manifest.
2266 silly tarball no local data for run-parallel@https://registry.npmjs.org/run-parallel/-/run-parallel-1.2.0.tgz. Extracting by manifest.
2267 silly tarball no local data for fastq@https://registry.npmjs.org/fastq/-/fastq-1.20.3.tgz. Extracting by manifest.
2268 silly tarball no local data for @nodelib/fs.scandir@https://registry.npmjs.org/@nodelib/fs.scandir/-/fs.scandir-2.1.5.tgz. Extracting by manifest.
2269 silly tarball no local data for micromatch@https://registry.npmjs.org/micromatch/-/micromatch-4.0.8.tgz. Extracting by manifest.
2270 silly tarball no local data for merge2@https://registry.npmjs.org/merge2/-/merge2-1.4.1.tgz. Extracting by manifest.
2271 silly tarball no local data for glob-parent@https://registry.npmjs.org/glob-parent/-/glob-parent-5.1.2.tgz. Extracting by manifest.
2272 silly tarball no local data for @nodelib/fs.walk@https://registry.npmjs.org/@nodelib/fs.walk/-/fs.walk-1.2.8.tgz. Extracting by manifest.
2273 silly tarball no local data for path-browserify@https://registry.npmjs.org/path-browserify/-/path-browserify-1.0.1.tgz. Extracting by manifest.
2274 silly tarball no local data for @nodelib/fs.stat@https://registry.npmjs.org/@nodelib/fs.stat/-/fs.stat-2.0.5.tgz. Extracting by manifest.
2275 silly tarball no local data for mkdirp@https://registry.npmjs.org/mkdirp/-/mkdirp-1.0.4.tgz. Extracting by manifest.
2276 silly tarball no local data for fast-glob@https://registry.npmjs.org/fast-glob/-/fast-glob-3.3.3.tgz. Extracting by manifest.
2277 silly tarball no local data for @ts-morph/common@https://registry.npmjs.org/@ts-morph/common/-/common-0.11.1.tgz. Extracting by manifest.
2278 silly tarball no local data for code-block-writer@https://registry.npmjs.org/code-block-writer/-/code-block-writer-10.1.1.tgz. Extracting by manifest.
2279 silly tarball no local data for bare-events@https://registry.npmjs.org/bare-events/-/bare-events-2.9.2.tgz. Extracting by manifest.
2280 silly tarball no local data for convert-hrtime@https://registry.npmjs.org/convert-hrtime/-/convert-hrtime-3.0.0.tgz. Extracting by manifest.
2281 silly tarball no local data for text-decoder@https://registry.npmjs.org/text-decoder/-/text-decoder-1.2.7.tgz. Extracting by manifest.
2282 silly tarball no local data for fast-fifo@https://registry.npmjs.org/fast-fifo/-/fast-fifo-1.3.2.tgz. Extracting by manifest.
2283 silly tarball no local data for events-universal@https://registry.npmjs.org/events-universal/-/events-universal-1.0.1.tgz. Extracting by manifest.
2284 silly tarball no local data for streamx@https://registry.npmjs.org/streamx/-/streamx-2.28.1.tgz. Extracting by manifest.
2285 silly tarball no local data for yallist@https://registry.npmjs.org/yallist/-/yallist-5.0.0.tgz. Extracting by manifest.
2286 silly tarball no local data for b4a@https://registry.npmjs.org/b4a/-/b4a-1.9.0.tgz. Extracting by manifest.
2287 silly tarball no local data for minizlib@https://registry.npmjs.org/minizlib/-/minizlib-3.1.0.tgz. Extracting by manifest.
2288 silly tarball no local data for chownr@https://registry.npmjs.org/chownr/-/chownr-3.0.0.tgz. Extracting by manifest.
2289 silly tarball no local data for @isaacs/fs-minipass@https://registry.npmjs.org/@isaacs/fs-minipass/-/fs-minipass-4.0.1.tgz. Extracting by manifest.
2290 silly tarball no local data for stream-to-array@https://registry.npmjs.org/stream-to-array/-/stream-to-array-2.3.0.tgz. Extracting by manifest.
2291 silly tarball no local data for any-promise@https://registry.npmjs.org/any-promise/-/any-promise-1.3.0.tgz. Extracting by manifest.
2292 silly tarball no local data for tar-stream@https://registry.npmjs.org/tar-stream/-/tar-stream-3.1.7.tgz. Extracting by manifest.
2293 silly tarball no local data for jsonlines@https://registry.npmjs.org/jsonlines/-/jsonlines-0.1.1.tgz. Extracting by manifest.
2294 silly tarball no local data for shebang-regex@https://registry.npmjs.org/shebang-regex/-/shebang-regex-3.0.0.tgz. Extracting by manifest.
2295 silly tarball no local data for @workflow/serde@https://registry.npmjs.org/@workflow/serde/-/serde-4.1.0-beta.2.tgz. Extracting by manifest.
2296 silly tarball no local data for @vercel/sandbox@https://registry.npmjs.org/@vercel/sandbox/-/sandbox-3.1.0.tgz. Extracting by manifest.
2297 silly tarball no local data for ws@https://registry.npmjs.org/ws/-/ws-8.22.0.tgz. Extracting by manifest.
2298 silly tarball no local data for @rolldown/pluginutils@https://registry.npmjs.org/@rolldown/pluginutils/-/pluginutils-1.0.0-rc.1.tgz. Extracting by manifest.
2299 silly tarball no local data for @rolldown/binding-android-arm64@https://registry.npmjs.org/@rolldown/binding-android-arm64/-/binding-android-arm64-1.0.0-rc.1.tgz. Extracting by manifest.
2300 silly tarball no local data for statuses@https://registry.npmjs.org/statuses/-/statuses-1.5.0.tgz. Extracting by manifest.
2301 silly tarball no local data for toidentifier@https://registry.npmjs.org/toidentifier/-/toidentifier-1.0.0.tgz. Extracting by manifest.
2302 silly tarball no local data for setprototypeof@https://registry.npmjs.org/setprototypeof/-/setprototypeof-1.1.1.tgz. Extracting by manifest.
2303 silly tarball no local data for depd@https://registry.npmjs.org/depd/-/depd-1.1.2.tgz. Extracting by manifest.
2304 silly tarball no local data for iconv-lite@https://registry.npmjs.org/iconv-lite/-/iconv-lite-0.4.24.tgz. Extracting by manifest.
2305 silly tarball no local data for bytes@https://registry.npmjs.org/bytes/-/bytes-3.1.0.tgz. Extracting by manifest.
2306 silly tarball no local data for end-of-stream@https://registry.npmjs.org/end-of-stream/-/end-of-stream-1.4.5.tgz. Extracting by manifest.
2307 silly tarball no local data for parse-ms@https://registry.npmjs.org/parse-ms/-/parse-ms-2.1.0.tgz. Extracting by manifest.
2308 silly tarball no local data for lru-cache@https://registry.npmjs.org/lru-cache/-/lru-cache-11.5.3.tgz. Extracting by manifest.
2309 silly tarball no local data for @oxc-transform/binding-android-arm64@https://registry.npmjs.org/@oxc-transform/binding-android-arm64/-/binding-android-arm64-0.111.0.tgz. Extracting by manifest.
2310 silly tarball no local data for @oxc-project/types@https://registry.npmjs.org/@oxc-project/types/-/types-0.121.0.tgz. Extracting by manifest.
2311 silly tarball no local data for http-errors@https://registry.npmjs.org/http-errors/-/http-errors-1.7.3.tgz. Extracting by manifest.
2312 silly tarball no local data for is-wsl@https://registry.npmjs.org/is-wsl/-/is-wsl-2.2.0.tgz. Extracting by manifest.
2313 silly tarball no local data for @oxc-parser/binding-android-arm64@https://registry.npmjs.org/@oxc-parser/binding-android-arm64/-/binding-android-arm64-0.121.0.tgz. Extracting by manifest.
2314 silly tarball no local data for define-lazy-prop@https://registry.npmjs.org/define-lazy-prop/-/define-lazy-prop-2.0.0.tgz. Extracting by manifest.
2315 silly tarball no local data for is-docker@https://registry.npmjs.org/is-docker/-/is-docker-2.2.1.tgz. Extracting by manifest.
2316 silly tarball no local data for abbrev@https://registry.npmjs.org/abbrev/-/abbrev-3.0.1.tgz. Extracting by manifest.
2317 silly tarball no local data for mimic-fn@https://registry.npmjs.org/mimic-fn/-/mimic-fn-2.1.0.tgz. Extracting by manifest.
2318 silly tarball no local data for whatwg-url@https://registry.npmjs.org/whatwg-url/-/whatwg-url-5.0.0.tgz. Extracting by manifest.
2319 silly tarball no local data for @isaacs/balanced-match@https://registry.npmjs.org/@isaacs/balanced-match/-/balanced-match-4.0.1.tgz. Extracting by manifest.
2320 silly tarball no local data for raw-body@https://registry.npmjs.org/raw-body/-/raw-body-2.4.1.tgz. Extracting by manifest.
2321 silly tarball no local data for @isaacs/brace-expansion@https://registry.npmjs.org/@isaacs/brace-expansion/-/brace-expansion-5.0.1.tgz. Extracting by manifest.
2322 silly tarball no local data for content-type@https://registry.npmjs.org/content-type/-/content-type-1.0.4.tgz. Extracting by manifest.
2323 silly tarball no local data for ts-toolbelt@https://registry.npmjs.org/ts-toolbelt/-/ts-toolbelt-6.15.5.tgz. Extracting by manifest.
2324 silly tarball no local data for arg@https://registry.npmjs.org/arg/-/arg-4.1.0.tgz. Extracting by manifest.
2325 silly tarball no local data for @types/json-schema@https://registry.npmjs.org/@types/json-schema/-/json-schema-7.0.15.tgz. Extracting by manifest.
2326 silly tarball no local data for argparse@https://registry.npmjs.org/argparse/-/argparse-2.0.1.tgz. Extracting by manifest.
2327 silly tarball no local data for agent-base@https://registry.npmjs.org/agent-base/-/agent-base-7.1.4.tgz. Extracting by manifest.
2328 silly tarball no local data for pump@https://registry.npmjs.org/pump/-/pump-3.0.4.tgz. Extracting by manifest.
2329 silly tarball no local data for path-scurry@https://registry.npmjs.org/path-scurry/-/path-scurry-2.0.2.tgz. Extracting by manifest.
2330 silly tarball no local data for which@https://registry.npmjs.org/which/-/which-2.0.2.tgz. Extracting by manifest.
2331 silly tarball no local data for shebang-command@https://registry.npmjs.org/shebang-command/-/shebang-command-2.0.0.tgz. Extracting by manifest.
2332 silly tarball no local data for path-key@https://registry.npmjs.org/path-key/-/path-key-3.1.1.tgz. Extracting by manifest.
2333 silly tarball no local data for minipass@https://registry.npmjs.org/minipass/-/minipass-7.1.3.tgz. Extracting by manifest.
2334 silly tarball no local data for strip-final-newline@https://registry.npmjs.org/strip-final-newline/-/strip-final-newline-2.0.0.tgz. Extracting by manifest.
2335 silly tarball no local data for p-finally@https://registry.npmjs.org/p-finally/-/p-finally-2.0.1.tgz. Extracting by manifest.
2336 silly tarball no local data for braces@https://registry.npmjs.org/braces/-/braces-3.0.3.tgz. Extracting by manifest.
2337 silly tarball no local data for onetime@https://registry.npmjs.org/onetime/-/onetime-5.1.2.tgz. Extracting by manifest.
2338 silly tarball no local data for universalify@https://registry.npmjs.org/universalify/-/universalify-2.0.1.tgz. Extracting by manifest.
2339 silly tarball no local data for npm-run-path@https://registry.npmjs.org/npm-run-path/-/npm-run-path-4.0.1.tgz. Extracting by manifest.
2340 silly tarball no local data for merge-stream@https://registry.npmjs.org/merge-stream/-/merge-stream-2.0.0.tgz. Extracting by manifest.
2341 silly tarball no local data for is-stream@https://registry.npmjs.org/is-stream/-/is-stream-2.0.1.tgz. Extracting by manifest.
2342 silly tarball no local data for human-signals@https://registry.npmjs.org/human-signals/-/human-signals-1.1.1.tgz. Extracting by manifest.
2343 silly tarball no local data for cross-spawn@https://registry.npmjs.org/cross-spawn/-/cross-spawn-7.0.6.tgz. Extracting by manifest.
2344 silly tarball no local data for get-stream@https://registry.npmjs.org/get-stream/-/get-stream-5.2.0.tgz. Extracting by manifest.
2345 silly tarball no local data for @esbuild/android-arm64@https://registry.npmjs.org/@esbuild/android-arm64/-/android-arm64-0.27.0.tgz. Extracting by manifest.
2346 silly tarball no local data for jsonfile@https://registry.npmjs.org/jsonfile/-/jsonfile-6.2.1.tgz. Extracting by manifest.
2347 silly tarball no local data for time-span@https://registry.npmjs.org/time-span/-/time-span-4.0.0.tgz. Extracting by manifest.
2348 silly tarball no local data for pretty-ms@https://registry.npmjs.org/pretty-ms/-/pretty-ms-7.0.1.tgz. Extracting by manifest.
2349 silly tarball no local data for picocolors@https://registry.npmjs.org/picocolors/-/picocolors-1.0.0.tgz. Extracting by manifest.
2350 silly tarball no local data for @edge-runtime/ponyfill@https://registry.npmjs.org/@edge-runtime/ponyfill/-/ponyfill-2.4.2.tgz. Extracting by manifest.
2351 silly tarball no local data for mri@https://registry.npmjs.org/mri/-/mri-1.2.0.tgz. Extracting by manifest.
2352 silly tarball no local data for readdirp@https://registry.npmjs.org/readdirp/-/readdirp-4.1.2.tgz. Extracting by manifest.
2353 silly tarball no local data for retry@https://registry.npmjs.org/retry/-/retry-0.13.1.tgz. Extracting by manifest.
2354 silly tarball no local data for uri-js@https://registry.npmjs.org/uri-js/-/uri-js-4.4.1.tgz. Extracting by manifest.
2355 silly tarball no local data for require-from-string@https://registry.npmjs.org/require-from-string/-/require-from-string-2.0.2.tgz. Extracting by manifest.
2356 silly tarball no local data for file-uri-to-path@https://registry.npmjs.org/file-uri-to-path/-/file-uri-to-path-1.0.0.tgz. Extracting by manifest.
2357 silly tarball no local data for @edge-runtime/format@https://registry.npmjs.org/@edge-runtime/format/-/format-2.2.1.tgz. Extracting by manifest.
2358 silly tarball no local data for json-schema-traverse@https://registry.npmjs.org/json-schema-traverse/-/json-schema-traverse-1.0.0.tgz. Extracting by manifest.
2359 silly tarball no local data for fast-deep-equal@https://registry.npmjs.org/fast-deep-equal/-/fast-deep-equal-3.1.3.tgz. Extracting by manifest.
2360 silly tarball no local data for oxc-parser@https://registry.npmjs.org/oxc-parser/-/oxc-parser-0.121.0.tgz. Extracting by manifest.
2361 silly tarball no local data for json-schema-to-ts@https://registry.npmjs.org/json-schema-to-ts/-/json-schema-to-ts-1.6.4.tgz. Extracting by manifest.
2362 silly tarball no local data for ajv@https://registry.npmjs.org/ajv/-/ajv-8.6.3.tgz. Extracting by manifest.
2363 silly tarball no local data for web-vitals@https://registry.npmjs.org/web-vitals/-/web-vitals-0.2.4.tgz. Extracting by manifest.
2364 silly tarball no local data for @sinclair/typebox@https://registry.npmjs.org/@sinclair/typebox/-/typebox-0.25.24.tgz. Extracting by manifest.
2365 silly tarball no local data for @vercel/gatsby-plugin-vercel-builder@https://registry.npmjs.org/@vercel/gatsby-plugin-vercel-builder/-/gatsby-plugin-vercel-builder-2.2.62.tgz. Extracting by manifest.
2366 silly tarball no local data for minimatch@https://registry.npmjs.org/minimatch/-/minimatch-10.1.1.tgz. Extracting by manifest.
2367 silly tarball no local data for @vercel/gatsby-plugin-vercel-analytics@https://registry.npmjs.org/@vercel/gatsby-plugin-vercel-analytics/-/gatsby-plugin-vercel-analytics-1.0.12.tgz. Extracting by manifest.
2368 silly tarball no local data for js-yaml@https://registry.npmjs.org/js-yaml/-/js-yaml-4.1.1.tgz. Extracting by manifest.
2369 silly tarball no local data for @renovatebot/pep440@https://registry.npmjs.org/@renovatebot/pep440/-/pep440-4.2.1.tgz. Extracting by manifest.
2370 silly tarball no local data for @bytecodealliance/preview2-shim@https://registry.npmjs.org/@bytecodealliance/preview2-shim/-/preview2-shim-0.17.6.tgz. Extracting by manifest.
2371 silly tarball no local data for @vercel/cli-exec@https://registry.npmjs.org/@vercel/cli-exec/-/cli-exec-1.0.1.tgz. Extracting by manifest.
2372 silly tarball no local data for undici-types@https://registry.npmjs.org/undici-types/-/undici-types-5.26.5.tgz. Extracting by manifest.
2373 silly tarball no local data for typescript@https://registry.npmjs.org/typescript/-/typescript-5.9.3.tgz. Extracting by manifest.
2374 silly tarball no local data for path-to-regexp-updated@https://registry.npmjs.org/path-to-regexp/-/path-to-regexp-6.3.0.tgz. Extracting by manifest.
2375 silly tarball no local data for edge-runtime@https://registry.npmjs.org/edge-runtime/-/edge-runtime-2.5.9.tgz. Extracting by manifest.
2376 silly tarball no local data for @vercel/error-utils@https://registry.npmjs.org/@vercel/error-utils/-/error-utils-2.2.1.tgz. Extracting by manifest.
2377 silly tarball no local data for @types/node@https://registry.npmjs.org/@types/node/-/node-20.11.0.tgz. Extracting by manifest.
2378 silly tarball no local data for @edge-runtime/vm@https://registry.npmjs.org/@edge-runtime/vm/-/vm-3.2.0.tgz. Extracting by manifest.
2379 silly tarball no local data for @edge-runtime/node-utils@https://registry.npmjs.org/@edge-runtime/node-utils/-/node-utils-2.3.0.tgz. Extracting by manifest.
2380 silly tarball no local data for @edge-runtime/primitives@https://registry.npmjs.org/@edge-runtime/primitives/-/primitives-4.1.0.tgz. Extracting by manifest.
2381 silly tarball no local data for nopt@https://registry.npmjs.org/nopt/-/nopt-8.1.0.tgz. Extracting by manifest.
2382 silly tarball no local data for @types/estree@https://registry.npmjs.org/@types/estree/-/estree-1.0.9.tgz. Extracting by manifest.
2383 silly tarball no local data for https-proxy-agent@https://registry.npmjs.org/https-proxy-agent/-/https-proxy-agent-7.0.6.tgz. Extracting by manifest.
2384 silly tarball no local data for detect-libc@https://registry.npmjs.org/detect-libc/-/detect-libc-2.1.2.tgz. Extracting by manifest.
2385 silly tarball no local data for consola@https://registry.npmjs.org/consola/-/consola-3.4.2.tgz. Extracting by manifest.
2386 silly tarball no local data for resolve-from@https://registry.npmjs.org/resolve-from/-/resolve-from-5.0.0.tgz. Extracting by manifest.
2387 silly tarball no local data for picomatch@https://registry.npmjs.org/picomatch/-/picomatch-4.0.7.tgz. Extracting by manifest.
2388 silly tarball no local data for node-gyp-build@https://registry.npmjs.org/node-gyp-build/-/node-gyp-build-4.8.4.tgz. Extracting by manifest.
2389 silly tarball no local data for graceful-fs@https://registry.npmjs.org/graceful-fs/-/graceful-fs-4.2.11.tgz. Extracting by manifest.
2390 silly tarball no local data for glob@https://registry.npmjs.org/glob/-/glob-13.0.6.tgz. Extracting by manifest.
2391 silly tarball no local data for bindings@https://registry.npmjs.org/bindings/-/bindings-1.5.0.tgz. Extracting by manifest.
2392 silly tarball no local data for estree-walker@https://registry.npmjs.org/estree-walker/-/estree-walker-2.0.2.tgz. Extracting by manifest.
2393 silly tarball no local data for async-sema@https://registry.npmjs.org/async-sema/-/async-sema-3.1.1.tgz. Extracting by manifest.
2394 silly tarball no local data for acorn-import-attributes@https://registry.npmjs.org/acorn-import-attributes/-/acorn-import-attributes-1.9.5.tgz. Extracting by manifest.
2395 silly tarball no local data for acorn@https://registry.npmjs.org/acorn/-/acorn-8.18.0.tgz. Extracting by manifest.
2396 silly tarball no local data for @rollup/pluginutils@https://registry.npmjs.org/@rollup/pluginutils/-/pluginutils-5.4.0.tgz. Extracting by manifest.
2397 silly tarball no local data for @mapbox/node-pre-gyp@https://registry.npmjs.org/@mapbox/node-pre-gyp/-/node-pre-gyp-2.0.3.tgz. Extracting by manifest.
2398 silly tarball no local data for yauzl-promise@https://registry.npmjs.org/yauzl-promise/-/yauzl-promise-2.1.3.tgz. Extracting by manifest.
2399 silly tarball no local data for uid-promise@https://registry.npmjs.org/uid-promise/-/uid-promise-1.0.0.tgz. Extracting by manifest.
2400 silly tarball no local data for tree-kill@https://registry.npmjs.org/tree-kill/-/tree-kill-1.2.2.tgz. Extracting by manifest.
2401 silly tarball no local data for tinyexec@https://registry.npmjs.org/tinyexec/-/tinyexec-0.3.2.tgz. Extracting by manifest.
2402 silly tarball no local data for stat-mode@https://registry.npmjs.org/stat-mode/-/stat-mode-0.3.0.tgz. Extracting by manifest.
2403 silly tarball no local data for semver@https://registry.npmjs.org/semver/-/semver-7.5.4.tgz. Extracting by manifest.
2404 silly tarball no local data for promisepipe@https://registry.npmjs.org/promisepipe/-/promisepipe-3.0.0.tgz. Extracting by manifest.
2405 silly tarball no local data for stream-to-promise@https://registry.npmjs.org/stream-to-promise/-/stream-to-promise-2.2.0.tgz. Extracting by manifest.
2406 silly tarball no local data for node-fetch@https://registry.npmjs.org/node-fetch/-/node-fetch-2.6.7.tgz. Extracting by manifest.
2407 silly tarball no local data for ms@https://registry.npmjs.org/ms/-/ms-2.1.1.tgz. Extracting by manifest.
2408 silly tarball no local data for micro@https://registry.npmjs.org/micro/-/micro-9.3.5-canary.3.tgz. Extracting by manifest.
2409 silly tarball no local data for generic-pool@https://registry.npmjs.org/generic-pool/-/generic-pool-3.4.2.tgz. Extracting by manifest.
2410 silly tarball no local data for debug@https://registry.npmjs.org/debug/-/debug-4.3.4.tgz. Extracting by manifest.
2411 silly tarball no local data for @tootallnate/once@https://registry.npmjs.org/@tootallnate/once/-/once-2.0.0.tgz. Extracting by manifest.
2412 silly tarball no local data for @vercel/cervel@https://registry.npmjs.org/@vercel/cervel/-/cervel-0.1.70.tgz. Extracting by manifest.
2413 silly tarball no local data for tar@https://registry.npmjs.org/tar/-/tar-7.5.11.tgz. Extracting by manifest.
2414 silly tarball no local data for xdg-app-paths@https://registry.npmjs.org/xdg-app-paths/-/xdg-app-paths-5.5.1.tgz. Extracting by manifest.
2415 silly tarball no local data for open@https://registry.npmjs.org/open/-/open-8.4.0.tgz. Extracting by manifest.
2416 silly tarball no local data for async-listen@https://registry.npmjs.org/async-listen/-/async-listen-3.0.0.tgz. Extracting by manifest.
2417 silly tarball no local data for signal-exit@https://registry.npmjs.org/signal-exit/-/signal-exit-4.0.2.tgz. Extracting by manifest.
2418 silly tarball no local data for es-module-lexer@https://registry.npmjs.org/es-module-lexer/-/es-module-lexer-1.5.0.tgz. Extracting by manifest.
2419 silly tarball no local data for @napi-rs/keyring@https://registry.npmjs.org/@napi-rs/keyring/-/keyring-1.2.0.tgz. Extracting by manifest.
2420 silly tarball no local data for cjs-module-lexer@https://registry.npmjs.org/cjs-module-lexer/-/cjs-module-lexer-1.2.3.tgz. Extracting by manifest.
2421 silly tarball no local data for throttleit@https://registry.npmjs.org/throttleit/-/throttleit-2.1.0.tgz. Extracting by manifest.
2422 silly tarball no local data for is-node-process@https://registry.npmjs.org/is-node-process/-/is-node-process-1.2.0.tgz. Extracting by manifest.
2423 silly tarball no local data for is-buffer@https://registry.npmjs.org/is-buffer/-/is-buffer-2.0.5.tgz. Extracting by manifest.
2424 silly tarball no local data for async-retry@https://registry.npmjs.org/async-retry/-/async-retry-1.3.3.tgz. Extracting by manifest.
2425 silly tarball no local data for @vercel/oidc@https://registry.npmjs.org/@vercel/oidc/-/oidc-3.8.9.tgz. Extracting by manifest.
2426 silly tarball no local data for tsx@https://registry.npmjs.org/tsx/-/tsx-4.21.0.tgz. Extracting by manifest.
2427 silly tarball no local data for ts-morph@https://registry.npmjs.org/ts-morph/-/ts-morph-12.0.0.tgz. Extracting by manifest.
2428 silly tarball no local data for srvx@https://registry.npmjs.org/srvx/-/srvx-0.11.16.tgz. Extracting by manifest.
2429 silly tarball no local data for rolldown@https://registry.npmjs.org/rolldown/-/rolldown-1.0.0-rc.1.tgz. Extracting by manifest.
2430 silly tarball no local data for resolve.exports@https://registry.npmjs.org/resolve.exports/-/resolve.exports-2.0.3.tgz. Extracting by manifest.
2431 silly tarball no local data for path-to-regexp@https://registry.npmjs.org/path-to-regexp/-/path-to-regexp-8.3.0.tgz. Extracting by manifest.
2432 silly tarball no local data for get-port@https://registry.npmjs.org/get-port/-/get-port-5.1.1.tgz. Extracting by manifest.
2433 silly tarball no local data for oxc-transform@https://registry.npmjs.org/oxc-transform/-/oxc-transform-0.111.0.tgz. Extracting by manifest.
2434 silly tarball no local data for fs-extra@https://registry.npmjs.org/fs-extra/-/fs-extra-11.1.0.tgz. Extracting by manifest.
2435 silly tarball no local data for execa@https://registry.npmjs.org/execa/-/execa-3.2.0.tgz. Extracting by manifest.
2436 silly tarball no local data for @vercel/static-config@https://registry.npmjs.org/@vercel/static-config/-/static-config-3.4.3.tgz. Extracting by manifest.
2437 silly tarball no local data for @vercel/nft@https://registry.npmjs.org/@vercel/nft/-/nft-1.10.0.tgz. Extracting by manifest.
2438 silly tarball no local data for zod@https://registry.npmjs.org/zod/-/zod-4.1.11.tgz. Extracting by manifest.
2439 silly tarball no local data for uuid@https://registry.npmjs.org/uuid/-/uuid-14.0.1.tgz. Extracting by manifest.
2440 silly tarball no local data for smol-toml@https://registry.npmjs.org/smol-toml/-/smol-toml-1.5.2.tgz. Extracting by manifest.
2441 silly tarball no local data for sandbox@https://registry.npmjs.org/sandbox/-/sandbox-4.1.0.tgz. Extracting by manifest.
2442 silly tarball no local data for luxon@https://registry.npmjs.org/luxon/-/luxon-3.7.2.tgz. Extracting by manifest.
2443 silly tarball no local data for undici@https://registry.npmjs.org/undici/-/undici-5.29.0.tgz. Extracting by manifest.
2444 silly tarball no local data for jsonc-parser@https://registry.npmjs.org/jsonc-parser/-/jsonc-parser-3.3.1.tgz. Extracting by manifest.
2445 silly tarball no local data for jose@https://registry.npmjs.org/jose/-/jose-5.9.6.tgz. Extracting by manifest.
2446 silly tarball no local data for esbuild@https://registry.npmjs.org/esbuild/-/esbuild-0.27.0.tgz. Extracting by manifest.
2447 silly tarball no local data for chokidar@https://registry.npmjs.org/chokidar/-/chokidar-4.0.0.tgz. Extracting by manifest.
2448 silly tarball no local data for @vercel/static-build@https://registry.npmjs.org/@vercel/static-build/-/static-build-13.0.1.tgz. Extracting by manifest.
2449 silly tarball no local data for @vercel/rust@https://registry.npmjs.org/@vercel/rust/-/rust-12.0.1.tgz. Extracting by manifest.
2450 silly tarball no local data for @vercel/ruby@https://registry.npmjs.org/@vercel/ruby/-/ruby-13.0.1.tgz. Extracting by manifest.
2451 silly tarball no local data for @vercel/remix-builder@https://registry.npmjs.org/@vercel/remix-builder/-/remix-builder-16.0.1.tgz. Extracting by manifest.
2452 silly tarball no local data for @vercel/redwood@https://registry.npmjs.org/@vercel/redwood/-/redwood-13.0.1.tgz. Extracting by manifest.
2453 silly tarball no local data for @vercel/python-analysis@https://registry.npmjs.org/@vercel/python-analysis/-/python-analysis-0.14.0.tgz. Extracting by manifest.
2454 silly tarball no local data for @vercel/python@https://registry.npmjs.org/@vercel/python/-/python-17.0.1.tgz. Extracting by manifest.
2455 silly tarball no local data for @vercel/prepare-flags-definitions@https://registry.npmjs.org/@vercel/prepare-flags-definitions/-/prepare-flags-definitions-0.3.0.tgz. Extracting by manifest.
2456 silly tarball no local data for @vercel/node@https://registry.npmjs.org/@vercel/node/-/node-16.0.1.tgz. Extracting by manifest.
2457 silly tarball no local data for @vercel/nestjs@https://registry.npmjs.org/@vercel/nestjs/-/nestjs-11.0.1.tgz. Extracting by manifest.
2458 silly tarball no local data for @vercel/next@https://registry.npmjs.org/@vercel/next/-/next-15.0.1.tgz. Extracting by manifest.
2459 silly tarball no local data for @vercel/hydrogen@https://registry.npmjs.org/@vercel/hydrogen/-/hydrogen-12.0.1.tgz. Extracting by manifest.
2460 silly tarball no local data for @vercel/koa@https://registry.npmjs.org/@vercel/koa/-/koa-11.0.1.tgz. Extracting by manifest.
2461 silly tarball no local data for @vercel/hono@https://registry.npmjs.org/@vercel/hono/-/hono-11.0.1.tgz. Extracting by manifest.
2462 silly tarball no local data for @vercel/h3@https://registry.npmjs.org/@vercel/h3/-/h3-11.0.1.tgz. Extracting by manifest.
2463 silly tarball no local data for @vercel/go@https://registry.npmjs.org/@vercel/go/-/go-14.0.1.tgz. Extracting by manifest.
2464 silly tarball no local data for @vercel/fun@https://registry.npmjs.org/@vercel/fun/-/fun-1.3.0.tgz. Extracting by manifest.
2465 silly tarball no local data for @vercel/fastify@https://registry.npmjs.org/@vercel/fastify/-/fastify-11.0.1.tgz. Extracting by manifest.
2466 silly tarball no local data for @vercel/express@https://registry.npmjs.org/@vercel/express/-/express-11.0.1.tgz. Extracting by manifest.
2467 silly tarball no local data for @vercel/elysia@https://registry.npmjs.org/@vercel/elysia/-/elysia-11.0.1.tgz. Extracting by manifest.
2468 silly tarball no local data for @vercel/detect-agent@https://registry.npmjs.org/@vercel/detect-agent/-/detect-agent-1.2.5.tgz. Extracting by manifest.
2469 silly tarball no local data for @vercel/container@https://registry.npmjs.org/@vercel/container/-/container-11.0.1.tgz. Extracting by manifest.
2470 silly tarball no local data for @vercel/cli-config@https://registry.npmjs.org/@vercel/cli-config/-/cli-config-0.3.0.tgz. Extracting by manifest.
2471 silly tarball no local data for @vercel/cli-auth@https://registry.npmjs.org/@vercel/cli-auth/-/cli-auth-0.3.9.tgz. Extracting by manifest.
2472 silly tarball no local data for @vercel/blob@https://registry.npmjs.org/@vercel/blob/-/blob-2.8.0.tgz. Extracting by manifest.
2473 silly tarball no local data for @vercel/build-utils@https://registry.npmjs.org/@vercel/build-utils/-/build-utils-14.13.1.tgz. Extracting by manifest.
2474 silly tarball no local data for @vercel/backends@https://registry.npmjs.org/@vercel/backends/-/backends-11.0.1.tgz. Extracting by manifest.
2475 silly tarball no local data for picomatch@https://registry.npmjs.org/picomatch/-/picomatch-2.3.2.tgz. Extracting by manifest.
2476 silly tarball no local data for minimatch@https://registry.npmjs.org/minimatch/-/minimatch-3.1.5.tgz. Extracting by manifest.
2477 silly tarball no local data for undici@https://registry.npmjs.org/undici/-/undici-7.30.0.tgz. Extracting by manifest.
2478 silly tarball no local data for vercel@https://registry.npmjs.org/vercel/-/vercel-60.1.3.tgz. Extracting by manifest.
2479 silly tarball no local data for xdg-app-paths@https://registry.npmjs.org/xdg-app-paths/-/xdg-app-paths-5.1.0.tgz. Extracting by manifest.
2480 silly tarball no local data for picocolors@https://registry.npmjs.org/picocolors/-/picocolors-1.1.1.tgz. Extracting by manifest.
2481 silly tarball no local data for lru-cache@https://registry.npmjs.org/lru-cache/-/lru-cache-10.4.3.tgz. Extracting by manifest.
2482 silly tarball no local data for jose@https://registry.npmjs.org/jose/-/jose-6.2.3.tgz. Extracting by manifest.
2483 silly tarball no local data for @vercel/oidc@https://registry.npmjs.org/@vercel/oidc/-/oidc-3.2.0.tgz. Extracting by manifest.
2484 silly tarball no local data for signal-exit@https://registry.npmjs.org/signal-exit/-/signal-exit-3.0.7.tgz. Extracting by manifest.
2485 silly tarball no local data for get-stream@https://registry.npmjs.org/get-stream/-/get-stream-6.0.1.tgz. Extracting by manifest.
2486 silly tarball no local data for human-signals@https://registry.npmjs.org/human-signals/-/human-signals-2.1.0.tgz. Extracting by manifest.
2487 silly tarball no local data for execa@https://registry.npmjs.org/execa/-/execa-5.1.1.tgz. Extracting by manifest.
2488 silly tarball no local data for async-listen@https://registry.npmjs.org/async-listen/-/async-listen-3.0.1.tgz. Extracting by manifest.
2489 silly tarball no local data for balanced-match@https://registry.npmjs.org/balanced-match/-/balanced-match-4.0.4.tgz. Extracting by manifest.
2490 silly tarball no local data for brace-expansion@https://registry.npmjs.org/brace-expansion/-/brace-expansion-5.0.12.tgz. Extracting by manifest.
2491 silly tarball no local data for minimatch@https://registry.npmjs.org/minimatch/-/minimatch-10.2.6.tgz. Extracting by manifest.
2492 silly tarball no local data for once@https://registry.npmjs.org/once/-/once-1.3.3.tgz. Extracting by manifest.
2493 silly tarball no local data for end-of-stream@https://registry.npmjs.org/end-of-stream/-/end-of-stream-1.1.0.tgz. Extracting by manifest.
2494 silly tarball no local data for yallist@https://registry.npmjs.org/yallist/-/yallist-4.0.0.tgz. Extracting by manifest.
2495 silly tarball no local data for lru-cache@https://registry.npmjs.org/lru-cache/-/lru-cache-6.0.0.tgz. Extracting by manifest.
2496 silly tarball no local data for @oxc-project/types@https://registry.npmjs.org/@oxc-project/types/-/types-0.110.0.tgz. Extracting by manifest.
2497 silly tarball no local data for signal-exit@https://registry.npmjs.org/signal-exit/-/signal-exit-3.0.7.tgz. Extracting by manifest.
2498 silly tarball no local data for signal-exit@https://registry.npmjs.org/signal-exit/-/signal-exit-3.0.7.tgz. Extracting by manifest.
2499 silly tarball no local data for human-signals@https://registry.npmjs.org/human-signals/-/human-signals-2.1.0.tgz. Extracting by manifest.
2500 silly tarball no local data for get-stream@https://registry.npmjs.org/get-stream/-/get-stream-6.0.1.tgz. Extracting by manifest.
2501 silly tarball no local data for execa@https://registry.npmjs.org/execa/-/execa-5.1.1.tgz. Extracting by manifest.
2502 silly tarball no local data for path-to-regexp@https://registry.npmjs.org/path-to-regexp/-/path-to-regexp-6.1.0.tgz. Extracting by manifest.
2503 silly tarball no local data for semver@https://registry.npmjs.org/semver/-/semver-6.3.1.tgz. Extracting by manifest.
2504 silly tarball no local data for zod@https://registry.npmjs.org/zod/-/zod-3.22.4.tgz. Extracting by manifest.
2505 silly tarball no local data for fs-extra@https://registry.npmjs.org/fs-extra/-/fs-extra-11.1.1.tgz. Extracting by manifest.
2506 silly tarball no local data for undici@https://registry.npmjs.org/undici/-/undici-5.28.4.tgz. Extracting by manifest.
2507 silly tarball no local data for path-to-regexp@https://registry.npmjs.org/path-to-regexp/-/path-to-regexp-6.1.0.tgz. Extracting by manifest.
2508 silly tarball no local data for es-module-lexer@https://registry.npmjs.org/es-module-lexer/-/es-module-lexer-1.4.1.tgz. Extracting by manifest.
2509 silly tarball no local data for node-fetch@https://registry.npmjs.org/node-fetch/-/node-fetch-2.6.9.tgz. Extracting by manifest.
2510 silly tarball no local data for zod@https://registry.npmjs.org/zod/-/zod-3.22.4.tgz. Extracting by manifest.
2511 silly tarball no local data for xdg-app-paths@https://registry.npmjs.org/xdg-app-paths/-/xdg-app-paths-5.1.0.tgz. Extracting by manifest.
2512 silly tarball no local data for tar@https://registry.npmjs.org/tar/-/tar-7.5.7.tgz. Extracting by manifest.
2513 silly tarball no local data for async-listen@https://registry.npmjs.org/async-listen/-/async-listen-1.2.0.tgz. Extracting by manifest.
2514 silly tarball no local data for path-to-regexp@https://registry.npmjs.org/path-to-regexp/-/path-to-regexp-8.2.0.tgz. Extracting by manifest.
2515 silly tarball no local data for zod@https://registry.npmjs.org/zod/-/zod-3.22.4.tgz. Extracting by manifest.
2516 silly tarball no local data for zod@https://registry.npmjs.org/zod/-/zod-3.22.4.tgz. Extracting by manifest.
2517 silly tarball no local data for undici@https://registry.npmjs.org/undici/-/undici-6.29.0.tgz. Extracting by manifest.
2518 http fetch POST 200 https://registry.npmjs.org/-/npm/v1/security/advisories/bulk 411ms
2519 silly audit report {
2519 silly audit report   'smol-toml': [
2519 silly audit report     {
2519 silly audit report       id: 1115393,
2519 silly audit report       url: 'https://github.com/advisories/GHSA-v3rj-xjv7-4jmq',
2519 silly audit report       title: 'smol-toml: Denial of Service via TOML documents containing thousands of consecutive commented lines',
2519 silly audit report       severity: 'moderate',
2519 silly audit report       vulnerable_versions: '<1.6.1',
2519 silly audit report       cwe: [Array],
2519 silly audit report       cvss: [Object]
2519 silly audit report     },
2519 silly audit report     {
2519 silly audit report       id: 1193945,
2519 silly audit report       url: 'https://github.com/advisories/GHSA-7w5x-hrqm-74c2',
2519 silly audit report       title: 'smol-toml: Denial of Service via malformed TOML documents',
2519 silly audit report       severity: 'high',
2519 silly audit report       vulnerable_versions: '<=1.7.0',
2519 silly audit report       cwe: [Array],
2519 silly audit report       cvss: [Object]
2519 silly audit report     }
2519 silly audit report   ],
2519 silly audit report   undici: [
2519 silly audit report     {
2519 silly audit report       id: 1101610,
2519 silly audit report       url: 'https://github.com/advisories/GHSA-c76h-2ccp-4975',
2519 silly audit report       title: 'Use of Insufficiently Random Values in undici',
2519 silly audit report       severity: 'moderate',
2519 silly audit report       vulnerable_versions: '>=4.5.0 <5.28.5',
2519 silly audit report       cwe: [Array],
2519 silly audit report       cvss: [Object]
2519 silly audit report     },
2519 silly audit report     {
2519 silly audit report       id: 1112496,
2519 silly audit report       url: 'https://github.com/advisories/GHSA-g9mf-h72j-4rw9',
2519 silly audit report       title: 'Undici has an unbounded decompression chain in HTTP responses on Node.js Fetch API via Content-Encoding leads to resource exhaustion',
2519 silly audit report       severity: 'moderate',
2519 silly audit report       vulnerable_versions: '<6.23.0',
2519 silly audit report       cwe: [Array],
2519 silly audit report       cvss: [Object]
2519 silly audit report     },
2519 silly audit report     {
2519 silly audit report       id: 1113069,
2519 silly audit report       url: 'https://github.com/advisories/GHSA-cxrh-j4jr-qwg3',
2519 silly audit report       title: 'undici Denial of Service attack via bad certificate data',
2519 silly audit report       severity: 'low',
2519 silly audit report       vulnerable_versions: '<5.29.0',
2519 silly audit report       cwe: [Array],
2519 silly audit report       cvss: [Object]
2519 silly audit report     },
2519 silly audit report     {
2519 silly audit report       id: 1114594,
2519 silly audit report       url: 'https://github.com/advisories/GHSA-2mjp-6q6p-2qxm',
2519 silly audit report       title: 'Undici has an HTTP Request/Response Smuggling issue',
2519 silly audit report       severity: 'moderate',
2519 silly audit report       vulnerable_versions: '<6.24.0',
2519 silly audit report       cwe: [Array],
2519 silly audit report       cvss: [Object]
2519 silly audit report     },
2519 silly audit report     {
2519 silly audit report       id: 1114638,
2519 silly audit report       url: 'https://github.com/advisories/GHSA-vrm6-8vpv-qv8q',
2519 silly audit report       title: 'Undici has Unbounded Memory Consumption in WebSocket permessage-deflate Decompression',
2519 silly audit report       severity: 'high',
2519 silly audit report       vulnerable_versions: '<6.24.0',
2519 silly audit report       cwe: [Array],
2519 silly audit report       cvss: [Object]
2519 silly audit report     },
2519 silly audit report     {
2519 silly audit report       id: 1114640,
2519 silly audit report       url: 'https://github.com/advisories/GHSA-v9p9-hfj2-hcw8',
2519 silly audit report       title: 'Undici has Unhandled Exception in WebSocket Client Due to Invalid server_max_window_bits Validation',
2519 silly audit report       severity: 'high',
2519 silly audit report       vulnerable_versions: '<6.24.0',
2519 silly audit report       cwe: [Array],
2519 silly audit report       cvss: [Object]
2519 silly audit report     },
2519 silly audit report     {
2519 silly audit report       id: 1114642,
2519 silly audit report       url: 'https://github.com/advisories/GHSA-4992-7rv2-5pvq',
2519 silly audit report       title: 'Undici has CRLF Injection in undici via `upgrade` option',
2519 silly audit report       severity: 'moderate',
2519 silly audit report       vulnerable_versions: '<6.24.0',
2519 silly audit report       cwe: [Array],
2519 silly audit report       cvss: [Object]
2519 silly audit report     },
2519 silly audit report     {
2519 silly audit report       id: 1130716,
2519 silly audit report       url: 'https://github.com/advisories/GHSA-8xcm-r25x-g524',
2519 silly audit report       title: 'undici vulnerable to downstream response desynchronization via retry interceptor',
2519 silly audit report       severity: 'moderate',
2519 silly audit report       vulnerable_versions: '<6.28.0',
2519 silly audit report       cwe: [Array],
2519 silly audit report       cvss: [Object]
2519 silly audit report     },
2519 silly audit report     {
2519 silly audit report       id: 1130727,
2519 silly audit report       url: 'https://github.com/advisories/GHSA-m8rv-5g2x-5cg5',
2519 silly audit report       title: "undici vulnerable to CRLF Injection via blob-like body 'type' property",
2519 silly audit report       severity: 'moderate',
2519 silly audit report       vulnerable_versions: '<6.28.0',
2519 silly audit report       cwe: [Array],
2519 silly audit report       cvss: [Object]
2519 silly audit report     },
2519 silly audit report     {
2519 silly audit report       id: 1130732,
2519 silly audit report       url: 'https://github.com/advisories/GHSA-v3r7-h72x-cjcm',
2519 silly audit report       title: 'undici vulnerable to cookie attribute injection via unsanitized domain and unparsed setCookie fields',
2519 silly audit report       severity: 'moderate',
2519 silly audit report       vulnerable_versions: '<6.28.0',
2519 silly audit report       cwe: [Array],
2519 silly audit report       cvss: [Object]
2519 silly audit report     },
2519 silly audit report     {
2519 silly audit report       id: 1121242,
2519 silly audit report       url: 'https://github.com/advisories/GHSA-p88m-4jfj-68fv',
2519 silly audit report       title: 'undici vulnerable to HTTP header injection via Set-Cookie percent-decoding',
2519 silly audit report       severity: 'moderate',
2519 silly audit report       vulnerable_versions: '<6.27.0',
2519 silly audit report       cwe: [Array],
2519 silly audit report       cvss: [Object]
2519 silly audit report     },
2519 silly audit report     {
2519 silly audit report       id: 1121245,
2519 silly audit report       url: 'https://github.com/advisories/GHSA-vxpw-j846-p89q',
2519 silly audit report       title: 'undici WebSocket client vulnerable to denial of service via fragment count bypass',
2519 silly audit report       severity: 'high',
2519 silly audit report       vulnerable_versions: '<6.27.0',
2519 silly audit report       cwe: [Array],
2519 silly audit report       cvss: [Object]
2519 silly audit report     },
2519 silly audit report     {
2519 silly audit report       id: 1121255,
2519 silly audit report       url: 'https://github.com/advisories/GHSA-g8m3-5g58-fq7m',
2519 silly audit report       title: 'undici vulnerable to Set-Cookie SameSite attribute downgrade via permissive substring matching',
2519 silly audit report       severity: 'low',
2519 silly audit report       vulnerable_versions: '<6.27.0',
2519 silly audit report       cwe: [Array],
2519 silly audit report       cvss: [Object]
2519 silly audit report     },
2519 silly audit report     {
2519 silly audit report       id: 1137243,
2519 silly audit report       url: 'https://github.com/advisories/GHSA-35p6-xmwp-9g52',
2519 silly audit report       title: 'undici vulnerable to HTTP response queue poisoning via keep-alive socket reuse',
2519 silly audit report       severity: 'low',
2519 silly audit report       vulnerable_versions: '<6.27.0',
2519 silly audit report       cwe: [Array],
2519 silly audit report       cvss: [Object]
2519 silly audit report     }
2519 silly audit report   ],
2519 silly audit report   'path-to-regexp': [
2519 silly audit report     {
2519 silly audit report       id: 1101846,
2519 silly audit report       url: 'https://github.com/advisories/GHSA-9wv6-86v2-598j',
2519 silly audit report       title: 'path-to-regexp outputs backtracking regular expressions',
2519 silly audit report       severity: 'high',
2519 silly audit report       vulnerable_versions: '>=4.0.0 <6.3.0',
2519 silly audit report       cwe: [Array],
2519 silly audit report       cvss: [Object]
2519 silly audit report     },
2519 silly audit report     {
2519 silly audit report       id: 1115573,
2519 silly audit report       url: 'https://github.com/advisories/GHSA-j3q9-mxjg-w52f',
2519 silly audit report       title: 'path-to-regexp vulnerable to Denial of Service via sequential optional groups',
2519 silly audit report       severity: 'high',
2519 silly audit report       vulnerable_versions: '>=8.0.0 <8.4.0',
2519 silly audit report       cwe: [Array],
2519 silly audit report       cvss: [Object]
2519 silly audit report     },
2519 silly audit report     {
2519 silly audit report       id: 1115582,
2519 silly audit report       url: 'https://github.com/advisories/GHSA-27v5-c462-wpq7',
2519 silly audit report       title: 'path-to-regexp vulnerable to Regular Expression Denial of Service via multiple wildcards',
2519 silly audit report       severity: 'moderate',
2519 silly audit report       vulnerable_versions: '>=8.0.0 <8.4.0',
2519 silly audit report       cwe: [Array],
2519 silly audit report       cvss: [Object]
2519 silly audit report     }
2519 silly audit report   ],
2519 silly audit report   tar: [
2519 silly audit report     {
2519 silly audit report       id: 1113375,
2519 silly audit report       url: 'https://github.com/advisories/GHSA-83g3-92jg-28cx',
2519 silly audit report       title: 'Arbitrary File Read/Write via Hardlink Target Escape Through Symlink Chain in node-tar Extraction',
2519 silly audit report       severity: 'high',
2519 silly audit report       vulnerable_versions: '<7.5.8',
2519 silly audit report       cwe: [Array],
2519 silly audit report       cvss: [Object]
2519 silly audit report     },
2519 silly audit report     {
2519 silly audit report       id: 1114200,
2519 silly audit report       url: 'https://github.com/advisories/GHSA-qffp-2rhf-9h96',
2519 silly audit report       title: 'tar has Hardlink Path Traversal via Drive-Relative Linkpath',
2519 silly audit report       severity: 'high',
2519 silly audit report       vulnerable_versions: '<=7.5.9',
2519 silly audit report       cwe: [Array],
2519 silly audit report       cvss: [Object]
2519 silly audit report     },
2519 silly audit report     {
2519 silly audit report       id: 1114302,
2519 silly audit report       url: 'https://github.com/advisories/GHSA-9ppj-qmqm-q256',
2519 silly audit report       title: 'node-tar Symlink Path Traversal via Drive-Relative Linkpath',
2519 silly audit report       severity: 'high',
2519 silly audit report       vulnerable_versions: '<=7.5.10',
2519 silly audit report       cwe: [Array],
2519 silly audit report       cvss: [Object]
2519 silly audit report     },
2519 silly audit report     {
2519 silly audit report       id: 1120782,
2519 silly audit report       url: 'https://github.com/advisories/GHSA-vmf3-w455-68vh',
2519 silly audit report       title: 'node-tar applies PAX size override to intermediary GNU long-name/long-link headers, causing tar parser interpretation differential (file smuggling)',
2519 silly audit report       severity: 'moderate',
2519 silly audit report       vulnerable_versions: '<=7.5.15',
2519 silly audit report       cwe: [Array],
2519 silly audit report       cvss: [Object]
2519 silly audit report     },
2519 silly audit report     {
2519 silly audit report       id: 1123939,
2519 silly audit report       url: 'https://github.com/advisories/GHSA-w8wr-v893-vjvp',
2519 silly audit report       title: 'node-tar: Process crash via PAX numeric path type confusion',
2519 silly audit report       severity: 'moderate',
2519 silly audit report       vulnerable_versions: '<=7.5.17',
2519 silly audit report       cwe: [Array],
2519 silly audit report       cvss: [Object]
2519 silly audit report     },
2519 silly audit report     {
2519 silly audit report       id: 1123940,
2519 silly audit report       url: 'https://github.com/advisories/GHSA-23hp-3jrh-7fpw',
2519 silly audit report       title: 'node-tar: Decompression/parse DoS via unlimited input',
2519 silly audit report       severity: 'critical',
2519 silly audit report       vulnerable_versions: '<=7.5.18',
2519 silly audit report       cwe: [Array],
2519 silly audit report       cvss: [Object]
2519 silly audit report     },
2519 silly audit report     {
2519 silly audit report       id: 1123941,
2519 silly audit report       url: 'https://github.com/advisories/GHSA-8x88-c5mf-7j5w',
2519 silly audit report       title: 'node-tar: Negative tar entry size causes infinite loop in archive replace',
2519 silly audit report       severity: 'high',
2519 silly audit report       vulnerable_versions: '<=7.5.17',
2519 silly audit report       cwe: [Array],
2519 silly audit report       cvss: [Object]
2519 silly audit report     },
2519 silly audit report     {
2519 silly audit report       id: 1123942,
2519 silly audit report       url: 'https://github.com/advisories/GHSA-gvwx-54wh-qm9j',
2519 silly audit report       title: 'node-tar: Uncaught Exception DoS via NUL byte in PAX path/linkpath records',
2519 silly audit report       severity: 'moderate',
2519 silly audit report       vulnerable_versions: '<=7.5.16',
2519 silly audit report       cwe: [Array],
2519 silly audit report       cvss: [Object]
2519 silly audit report     },
2519 silly audit report     {
2519 silly audit report       id: 1145647,
2519 silly audit report       url: 'https://github.com/advisories/GHSA-r292-9mhp-454m',
2519 silly audit report       title: 'node-tar: Uncontrolled recursion in mapHas/filesFilter allows uncatchable stack-overflow DoS via crafted long-path tar with member selection',
2519 silly audit report       severity: 'high',
2519 silly audit report       vulnerable_versions: '<=7.5.20',
2519 silly audit report       cwe: [Array],
2519 silly audit report       cvss: [Object]
2519 silly audit report     }
2519 silly audit report   ],
2519 silly audit report   '@tootallnate/once': [
2519 silly audit report     {
2519 silly audit report       id: 1119438,
2519 silly audit report       url: 'https://github.com/advisories/GHSA-vpq2-c234-7xj6',
2519 silly audit report       title: '@tootallnate/once vulnerable to Incorrect Control Flow Scoping',
2519 silly audit report       severity: 'low',
2519 silly audit report       vulnerable_versions: '<2.0.1',
2519 silly audit report       cwe: [Array],
2519 silly audit report       cvss: [Object]
2519 silly audit report     }
2519 silly audit report   ],
2519 silly audit report   'js-yaml': [
2519 silly audit report     {
2519 silly audit report       id: 1121860,
2519 silly audit report       url: 'https://github.com/advisories/GHSA-h67p-54hq-rp68',
2519 silly audit report       title: 'JS-YAML: Quadratic-complexity DoS in merge key handling via repeated aliases',
2519 silly audit report       severity: 'moderate',
2519 silly audit report       vulnerable_versions: '>=4.0.0 <=4.1.1',
2519 silly audit report       cwe: [Array],
2519 silly audit report       cvss: [Object]
2519 silly audit report     },
2519 silly audit report     {
2519 silly audit report       id: 1123911,
2519 silly audit report       url: 'https://github.com/advisories/GHSA-52cp-r559-cp3m',
2519 silly audit report       title: 'js-yaml: YAML merge-key chains can force quadratic CPU consumption',
2519 silly audit report       severity: 'high',
2519 silly audit report       vulnerable_versions: '>=4.0.0 <4.3.0',
2519 silly audit report       cwe: [Array],
2519 silly audit report       cvss: [Object]
2519 silly audit report     },
2519 silly audit report     {
2519 silly audit report       id: 1138115,
2519 silly audit report       url: 'https://github.com/advisories/GHSA-5p4m-2wfm-xmqj',
2519 silly audit report       title: 'JS-YAML: Quadratic CPU consumption in !!omap resolution (3.x and 4.x) — CVE-2026-59870 fix not backported',
2519 silly audit report       severity: 'high',
2519 silly audit report       vulnerable_versions: '>=4.0.0 <4.3.1',
2519 silly audit report       cwe: [Array],
2519 silly audit report       cvss: [Object]
2519 silly audit report     },
2519 silly audit report     {
2519 silly audit report       id: 1193727,
2519 silly audit report       url: 'https://github.com/advisories/GHSA-2883-xcg3-v3hh',
2519 silly audit report       title: 'js-yaml: maxTotalMergeKeys does not limit CPU use for empty merge sources',
2519 silly audit report       severity: 'high',
2519 silly audit report       vulnerable_versions: '>=4.0.0 <4.3.2',
2519 silly audit report       cwe: [Array],
2519 silly audit report       cvss: [Object]
2519 silly audit report     }
2519 silly audit report   ],
2519 silly audit report   minimatch: [
2519 silly audit report     {
2519 silly audit report       id: 1113466,
2519 silly audit report       url: 'https://github.com/advisories/GHSA-3ppc-4f35-3m26',
2519 silly audit report       title: 'minimatch has a ReDoS via repeated wildcards with non-matching literal in pattern',
2519 silly audit report       severity: 'high',
2519 silly audit report       vulnerable_versions: '>=10.0.0 <10.2.1',
2519 silly audit report       cwe: [Array],
2519 silly audit report       cvss: [Object]
2519 silly audit report     },
2519 silly audit report     {
2519 silly audit report       id: 1113545,
2519 silly audit report       url: 'https://github.com/advisories/GHSA-7r86-cg39-jmmj',
2519 silly audit report       title: 'minimatch has ReDoS: matchOne() combinatorial backtracking via multiple non-adjacent GLOBSTAR segments',
2519 silly audit report       severity: 'high',
2519 silly audit report       vulnerable_versions: '>=10.0.0 <10.2.3',
2519 silly audit report       cwe: [Array],
2519 silly audit report       cvss: [Object]
2519 silly audit report     },
2519 silly audit report     {
2519 silly audit report       id: 1113553,
2519 silly audit report       url: 'https://github.com/advisories/GHSA-23c5-xmqv-rm74',
2519 silly audit report       title: 'minimatch ReDoS: nested *() extglobs generate catastrophically backtracking regular expressions',
2519 silly audit report       severity: 'high',
2519 silly audit report       vulnerable_versions: '>=10.0.0 <10.2.3',
2519 silly audit report       cwe: [Array],
2519 silly audit report       cvss: [Object]
2519 silly audit report     }
2519 silly audit report   ],
2519 silly audit report   ajv: [
2519 silly audit report     {
2519 silly audit report       id: 1113715,
2519 silly audit report       url: 'https://github.com/advisories/GHSA-2g4f-4pwh-qvx6',
2519 silly audit report       title: 'ajv has ReDoS when using `$data` option',
2519 silly audit report       severity: 'moderate',
2519 silly audit report       vulnerable_versions: '>=7.0.0-alpha.0 <8.18.0',
2519 silly audit report       cwe: [Array],
2519 silly audit report       cvss: [Object]
2519 silly audit report     }
2519 silly audit report   ]
2519 silly audit report }
2520 silly packumentCache corgi:https://registry.npmjs.org/smol-toml cache-miss
2521 silly packumentCache corgi:https://registry.npmjs.org/undici cache-miss
2522 silly packumentCache corgi:https://registry.npmjs.org/path-to-regexp cache-miss
2523 silly packumentCache corgi:https://registry.npmjs.org/tar cache-miss
2524 silly packumentCache corgi:https://registry.npmjs.org/@tootallnate%2fonce cache-miss
2525 silly packumentCache corgi:https://registry.npmjs.org/js-yaml cache-miss
2526 silly packumentCache corgi:https://registry.npmjs.org/minimatch cache-miss
2527 silly packumentCache corgi:https://registry.npmjs.org/ajv cache-miss
2528 http fetch GET 200 https://registry.npmjs.org/balanced-match/-/balanced-match-1.0.2.tgz 318ms (cache miss)
2529 http fetch GET 200 https://registry.npmjs.org/buffer-crc32/-/buffer-crc32-0.2.13.tgz 318ms (cache miss)
2530 http fetch GET 200 https://registry.npmjs.org/concat-map/-/concat-map-0.0.1.tgz 319ms (cache miss)
2531 http fetch GET 200 https://registry.npmjs.org/pend/-/pend-1.2.0.tgz 318ms (cache miss)
2532 http fetch GET 200 https://registry.npmjs.org/yauzl-clone/-/yauzl-clone-1.0.4.tgz 317ms (cache miss)
2533 http fetch GET 200 https://registry.npmjs.org/fd-slicer/-/fd-slicer-1.1.0.tgz 319ms (cache miss)
2534 http fetch GET 200 https://registry.npmjs.org/events-intercept/-/events-intercept-2.0.0.tgz 322ms (cache miss)
2535 http fetch GET 200 https://registry.npmjs.org/is-number/-/is-number-7.0.0.tgz 330ms (cache miss)
2536 http fetch GET 200 https://registry.npmjs.org/brace-expansion/-/brace-expansion-1.1.21.tgz 334ms (cache miss)
2537 http fetch GET 200 https://registry.npmjs.org/fill-range/-/fill-range-7.1.1.tgz 335ms (cache miss)
2538 http fetch GET 200 https://registry.npmjs.org/resolve-pkg-maps/-/resolve-pkg-maps-1.0.0.tgz 336ms (cache miss)
2539 http fetch GET 200 https://registry.npmjs.org/queue-microtask/-/queue-microtask-1.2.3.tgz 335ms (cache miss)
2540 http fetch GET 200 https://registry.npmjs.org/get-tsconfig/-/get-tsconfig-4.14.3.tgz 338ms (cache miss)
2541 http fetch GET 200 https://registry.npmjs.org/is-glob/-/is-glob-4.0.3.tgz 349ms (cache miss)
2542 http fetch GET 200 https://registry.npmjs.org/to-regex-range/-/to-regex-range-5.0.1.tgz 355ms (cache miss)
2543 http fetch GET 200 https://registry.npmjs.org/is-extglob/-/is-extglob-2.1.1.tgz 362ms (cache miss)
2544 http fetch GET 200 https://registry.npmjs.org/reusify/-/reusify-1.1.0.tgz 389ms (cache miss)
2545 http fetch GET 200 https://registry.npmjs.org/fastq/-/fastq-1.20.3.tgz 400ms (cache miss)
2546 http fetch GET 200 https://registry.npmjs.org/isexe/-/isexe-2.0.0.tgz 408ms (cache miss)
2547 http fetch GET 200 https://registry.npmjs.org/micromatch/-/micromatch-4.0.8.tgz 403ms (cache miss)
2548 http fetch GET 200 https://registry.npmjs.org/webidl-conversions/-/webidl-conversions-3.0.1.tgz 410ms (cache miss)
2549 http fetch GET 200 https://registry.npmjs.org/run-parallel/-/run-parallel-1.2.0.tgz 405ms (cache miss)
2550 http fetch GET 200 https://registry.npmjs.org/os-paths/-/os-paths-4.4.0.tgz 412ms (cache miss)
2551 http fetch GET 200 https://registry.npmjs.org/xdg-portable/-/xdg-portable-7.3.0.tgz 415ms (cache miss)
2552 http fetch GET 200 https://registry.npmjs.org/merge2/-/merge2-1.4.1.tgz 410ms (cache miss)
2553 http fetch GET 200 https://registry.npmjs.org/punycode/-/punycode-2.3.1.tgz 415ms (cache miss)
2554 http fetch GET 200 https://registry.npmjs.org/yauzl/-/yauzl-2.10.0.tgz 420ms (cache miss)
2555 http fetch GET 200 https://registry.npmjs.org/glob-parent/-/glob-parent-5.1.2.tgz 414ms (cache miss)
2556 http fetch GET 200 https://registry.npmjs.org/@nodelib/fs.scandir/-/fs.scandir-2.1.5.tgz 416ms (cache miss)
2557 http fetch GET 200 https://registry.npmjs.org/tr46/-/tr46-0.0.3.tgz 424ms (cache miss)
2558 http fetch GET 200 https://registry.npmjs.org/mkdirp/-/mkdirp-1.0.4.tgz 428ms (cache miss)
2559 http fetch GET 200 https://registry.npmjs.org/code-block-writer/-/code-block-writer-10.1.1.tgz 431ms (cache miss)
2560 http fetch GET 200 https://registry.npmjs.org/path-browserify/-/path-browserify-1.0.1.tgz 434ms (cache miss)
2561 http fetch GET 200 https://registry.npmjs.org/@nodelib/fs.walk/-/fs.walk-1.2.8.tgz 434ms (cache miss)
2562 http fetch GET 200 https://registry.npmjs.org/@fastify/busboy/-/busboy-2.1.1.tgz 443ms (cache miss)
2563 http fetch GET 200 https://registry.npmjs.org/text-decoder/-/text-decoder-1.2.7.tgz 449ms (cache miss)
2564 http fetch GET 200 https://registry.npmjs.org/@nodelib/fs.stat/-/fs.stat-2.0.5.tgz 457ms (cache miss)
2565 http fetch GET 200 https://registry.npmjs.org/bare-events/-/bare-events-2.9.2.tgz 468ms (cache miss)
2566 http fetch GET 200 https://registry.npmjs.org/fast-fifo/-/fast-fifo-1.3.2.tgz 471ms (cache miss)
2567 http fetch GET 200 https://registry.npmjs.org/convert-hrtime/-/convert-hrtime-3.0.0.tgz 472ms (cache miss)
2568 http fetch GET 200 https://registry.npmjs.org/streamx/-/streamx-2.28.1.tgz 472ms (cache miss)
2569 http fetch GET 200 https://registry.npmjs.org/events-universal/-/events-universal-1.0.1.tgz 475ms (cache miss)
2570 http fetch GET 200 https://registry.npmjs.org/b4a/-/b4a-1.9.0.tgz 481ms (cache miss)
2571 http fetch GET 200 https://registry.npmjs.org/stream-to-array/-/stream-to-array-2.3.0.tgz 481ms (cache miss)
2572 http fetch GET 200 https://registry.npmjs.org/chownr/-/chownr-3.0.0.tgz 486ms (cache miss)
2573 http fetch GET 200 https://registry.npmjs.org/yallist/-/yallist-5.0.0.tgz 489ms (cache miss)
2574 http fetch GET 200 https://registry.npmjs.org/@isaacs/fs-minipass/-/fs-minipass-4.0.1.tgz 492ms (cache miss)
2575 http fetch GET 200 https://registry.npmjs.org/jsonlines/-/jsonlines-0.1.1.tgz 518ms (cache miss)
2576 http fetch GET 200 https://registry.npmjs.org/any-promise/-/any-promise-1.3.0.tgz 518ms (cache miss)
2577 http fetch GET 200 https://registry.npmjs.org/@workflow/serde/-/serde-4.1.0-beta.2.tgz 520ms (cache miss)
2578 http fetch GET 200 https://registry.npmjs.org/statuses/-/statuses-1.5.0.tgz 522ms (cache miss)
2579 http fetch GET 200 https://registry.npmjs.org/tar-stream/-/tar-stream-3.1.7.tgz 525ms (cache miss)
2580 http fetch GET 200 https://registry.npmjs.org/minizlib/-/minizlib-3.1.0.tgz 531ms (cache miss)
2581 http fetch GET 200 https://registry.npmjs.org/toidentifier/-/toidentifier-1.0.0.tgz 528ms (cache miss)
2582 http fetch GET 200 https://registry.npmjs.org/depd/-/depd-1.1.2.tgz 529ms (cache miss)
2583 http fetch GET 200 https://registry.npmjs.org/setprototypeof/-/setprototypeof-1.1.1.tgz 533ms (cache miss)
2584 http fetch GET 200 https://registry.npmjs.org/ws/-/ws-8.22.0.tgz 540ms (cache miss)
2585 http fetch GET 200 https://registry.npmjs.org/@rolldown/pluginutils/-/pluginutils-1.0.0-rc.1.tgz 545ms (cache miss)
2586 http fetch GET 200 https://registry.npmjs.org/end-of-stream/-/end-of-stream-1.4.5.tgz 548ms (cache miss)
2587 http fetch GET 200 https://registry.npmjs.org/bytes/-/bytes-3.1.0.tgz 549ms (cache miss)
2588 http fetch GET 200 https://registry.npmjs.org/iconv-lite/-/iconv-lite-0.4.24.tgz 560ms (cache miss)
2589 http fetch GET 200 https://registry.npmjs.org/fast-glob/-/fast-glob-3.3.3.tgz 570ms (cache miss)
2590 http fetch GET 200 https://registry.npmjs.org/http-errors/-/http-errors-1.7.3.tgz 563ms (cache miss)
2591 http fetch GET 200 https://registry.npmjs.org/parse-ms/-/parse-ms-2.1.0.tgz 566ms (cache miss)
2592 http fetch GET 200 https://registry.npmjs.org/is-wsl/-/is-wsl-2.2.0.tgz 565ms (cache miss)
2593 http fetch GET 200 https://registry.npmjs.org/shebang-regex/-/shebang-regex-3.0.0.tgz 571ms (cache miss)
2594 http fetch GET 200 https://registry.npmjs.org/@oxc-project/types/-/types-0.121.0.tgz 572ms (cache miss)
2595 http fetch GET 200 https://registry.npmjs.org/define-lazy-prop/-/define-lazy-prop-2.0.0.tgz 576ms (cache miss)
2596 http fetch GET 200 https://registry.npmjs.org/is-docker/-/is-docker-2.2.1.tgz 588ms (cache miss)
2597 http fetch GET 200 https://registry.npmjs.org/abbrev/-/abbrev-3.0.1.tgz 588ms (cache miss)
2598 http fetch GET 200 https://registry.npmjs.org/mimic-fn/-/mimic-fn-2.1.0.tgz 589ms (cache miss)
2599 http fetch GET 200 https://registry.npmjs.org/whatwg-url/-/whatwg-url-5.0.0.tgz 607ms (cache miss)
2600 http fetch GET 200 https://registry.npmjs.org/content-type/-/content-type-1.0.4.tgz 618ms (cache miss)
2601 http fetch GET 200 https://registry.npmjs.org/raw-body/-/raw-body-2.4.1.tgz 619ms (cache miss)
2602 http fetch GET 200 https://registry.npmjs.org/ts-toolbelt/-/ts-toolbelt-6.15.5.tgz 634ms (cache miss)
2603 http fetch GET 200 https://registry.npmjs.org/arg/-/arg-4.1.0.tgz 638ms (cache miss)
2604 http fetch GET 200 https://registry.npmjs.org/@types/json-schema/-/json-schema-7.0.15.tgz 639ms (cache miss)
2605 http fetch GET 200 https://registry.npmjs.org/pump/-/pump-3.0.4.tgz 639ms (cache miss)
2606 http fetch GET 200 https://registry.npmjs.org/argparse/-/argparse-2.0.1.tgz 655ms (cache miss)
2607 http fetch GET 200 https://registry.npmjs.org/@isaacs/brace-expansion/-/brace-expansion-5.0.1.tgz 663ms (cache miss)
2608 http fetch GET 200 https://registry.npmjs.org/@isaacs/balanced-match/-/balanced-match-4.0.1.tgz 664ms (cache miss)
2609 http fetch GET 200 https://registry.npmjs.org/shebang-command/-/shebang-command-2.0.0.tgz 663ms (cache miss)
2610 http fetch GET 200 https://registry.npmjs.org/agent-base/-/agent-base-7.1.4.tgz 666ms (cache miss)
2611 http fetch GET 200 https://registry.npmjs.org/which/-/which-2.0.2.tgz 679ms (cache miss)
2612 http fetch GET 200 https://registry.npmjs.org/path-key/-/path-key-3.1.1.tgz 685ms (cache miss)
2613 http fetch GET 200 https://registry.npmjs.org/p-finally/-/p-finally-2.0.1.tgz 687ms (cache miss)
2614 http fetch GET 200 https://registry.npmjs.org/path-scurry/-/path-scurry-2.0.2.tgz 693ms (cache miss)
2615 http fetch GET 200 https://registry.npmjs.org/onetime/-/onetime-5.1.2.tgz 700ms (cache miss)
2616 http fetch GET 200 https://registry.npmjs.org/braces/-/braces-3.0.3.tgz 708ms (cache miss)
2617 http fetch GET 200 https://registry.npmjs.org/npm-run-path/-/npm-run-path-4.0.1.tgz 707ms (cache miss)
2618 http fetch GET 200 https://registry.npmjs.org/strip-final-newline/-/strip-final-newline-2.0.0.tgz 709ms (cache miss)
2619 http fetch GET 200 https://registry.npmjs.org/is-stream/-/is-stream-2.0.1.tgz 708ms (cache miss)
2620 http fetch GET 200 https://registry.npmjs.org/merge-stream/-/merge-stream-2.0.0.tgz 712ms (cache miss)
2621 http fetch GET 200 https://registry.npmjs.org/@ts-morph/common/-/common-0.11.1.tgz 734ms (cache miss)
2622 http fetch GET 200 https://registry.npmjs.org/universalify/-/universalify-2.0.1.tgz 729ms (cache miss)
2623 http fetch GET 200 https://registry.npmjs.org/@oxc-parser/binding-android-arm64/-/binding-android-arm64-0.121.0.tgz 739ms (cache miss)
2624 http fetch GET 200 https://registry.npmjs.org/get-stream/-/get-stream-5.2.0.tgz 735ms (cache miss)
2625 http fetch GET 200 https://registry.npmjs.org/minipass/-/minipass-7.1.3.tgz 742ms (cache miss)
2626 http fetch GET 200 https://registry.npmjs.org/cross-spawn/-/cross-spawn-7.0.6.tgz 740ms (cache miss)
2627 http fetch GET 200 https://registry.npmjs.org/human-signals/-/human-signals-1.1.1.tgz 749ms (cache miss)
2628 http fetch GET 200 https://registry.npmjs.org/require-from-string/-/require-from-string-2.0.2.tgz 777ms (cache miss)
2629 http fetch GET 200 https://registry.npmjs.org/pretty-ms/-/pretty-ms-7.0.1.tgz 780ms (cache miss)
2630 http fetch GET 200 https://registry.npmjs.org/jsonfile/-/jsonfile-6.2.1.tgz 789ms (cache miss)
2631 http fetch GET 200 https://registry.npmjs.org/file-uri-to-path/-/file-uri-to-path-1.0.0.tgz 793ms (cache miss)
2632 http fetch GET 200 https://registry.npmjs.org/lru-cache/-/lru-cache-11.5.3.tgz 836ms (cache miss)
2633 http fetch GET 200 https://registry.npmjs.org/json-schema-traverse/-/json-schema-traverse-1.0.0.tgz 820ms (cache miss)
2634 http fetch GET 200 https://registry.npmjs.org/mri/-/mri-1.2.0.tgz 846ms (cache miss)
2635 http fetch GET 200 https://registry.npmjs.org/fast-deep-equal/-/fast-deep-equal-3.1.3.tgz 845ms (cache miss)
2636 http fetch GET 200 https://registry.npmjs.org/@vercel/sandbox/-/sandbox-3.1.0.tgz 924ms (cache miss)
2637 http fetch GET 200 https://registry.npmjs.org/picocolors/-/picocolors-1.0.0.tgz 916ms (cache miss)
2638 http fetch GET 200 https://registry.npmjs.org/uri-js/-/uri-js-4.4.1.tgz 917ms (cache miss)
2639 http fetch GET 200 https://registry.npmjs.org/json-schema-to-ts/-/json-schema-to-ts-1.6.4.tgz 917ms (cache miss)
2640 http fetch GET 200 https://registry.npmjs.org/time-span/-/time-span-4.0.0.tgz 1016ms (cache miss)
2641 http fetch GET 200 https://registry.npmjs.org/minimatch/-/minimatch-10.1.1.tgz 1074ms (cache miss)
2642 http fetch GET 200 https://registry.npmjs.org/readdirp/-/readdirp-4.1.2.tgz 1080ms (cache miss)
2643 http fetch GET 200 https://registry.npmjs.org/@sinclair/typebox/-/typebox-0.25.24.tgz 1094ms (cache miss)
2644 http fetch GET 200 https://registry.npmjs.org/undici-types/-/undici-types-5.26.5.tgz 1252ms (cache miss)
2645 http fetch GET 200 https://registry.npmjs.org/@renovatebot/pep440/-/pep440-4.2.1.tgz 1277ms (cache miss)
2646 http fetch GET 200 https://registry.npmjs.org/@edge-runtime/format/-/format-2.2.1.tgz 1330ms (cache miss)
2647 http fetch GET 200 https://registry.npmjs.org/path-to-regexp/-/path-to-regexp-6.3.0.tgz 1397ms (cache miss)
2648 http fetch GET 200 https://registry.npmjs.org/@oxc-transform/binding-android-arm64/-/binding-android-arm64-0.111.0.tgz 1490ms (cache miss)
2649 http fetch GET 200 https://registry.npmjs.org/@vercel/cli-exec/-/cli-exec-1.0.1.tgz 1479ms (cache miss)
2650 http fetch GET 200 https://registry.npmjs.org/@bytecodealliance/preview2-shim/-/preview2-shim-0.17.6.tgz 1483ms (cache miss)
2651 http fetch GET 200 https://registry.npmjs.org/js-yaml/-/js-yaml-4.1.1.tgz 1486ms (cache miss)
2652 http fetch GET 200 https://registry.npmjs.org/edge-runtime/-/edge-runtime-2.5.9.tgz 1490ms (cache miss)
2653 http fetch GET 200 https://registry.npmjs.org/@edge-runtime/vm/-/vm-3.2.0.tgz 1537ms (cache miss)
2654 http fetch GET 200 https://registry.npmjs.org/@vercel/error-utils/-/error-utils-2.2.1.tgz 1543ms (cache miss)
2655 http fetch GET 200 https://registry.npmjs.org/@vercel/gatsby-plugin-vercel-analytics/-/gatsby-plugin-vercel-analytics-1.0.12.tgz 1553ms (cache miss)
2656 http fetch GET 200 https://registry.npmjs.org/web-vitals/-/web-vitals-0.2.4.tgz 1557ms (cache miss)
2657 http fetch GET 200 https://registry.npmjs.org/nopt/-/nopt-8.1.0.tgz 1626ms (cache miss)
2658 http fetch GET 200 https://registry.npmjs.org/retry/-/retry-0.13.1.tgz 1635ms (cache miss)
2659 http fetch GET 200 https://registry.npmjs.org/@types/estree/-/estree-1.0.9.tgz 1675ms (cache miss)
2660 http fetch GET 200 https://registry.npmjs.org/@edge-runtime/ponyfill/-/ponyfill-2.4.2.tgz 1734ms (cache miss)
2661 http fetch GET 200 https://registry.npmjs.org/resolve-from/-/resolve-from-5.0.0.tgz 1722ms (cache miss)
2662 http fetch GET 200 https://registry.npmjs.org/https-proxy-agent/-/https-proxy-agent-7.0.6.tgz 1778ms (cache miss)
2663 http fetch GET 200 https://registry.npmjs.org/consola/-/consola-3.4.2.tgz 1784ms (cache miss)
2664 http fetch GET 200 https://registry.npmjs.org/bindings/-/bindings-1.5.0.tgz 1854ms (cache miss)
2665 http fetch GET 200 https://registry.npmjs.org/graceful-fs/-/graceful-fs-4.2.11.tgz 1870ms (cache miss)
2666 http fetch GET 200 https://registry.npmjs.org/@edge-runtime/primitives/-/primitives-4.1.0.tgz 1874ms (cache miss)
2667 http fetch GET 200 https://registry.npmjs.org/@vercel/gatsby-plugin-vercel-builder/-/gatsby-plugin-vercel-builder-2.2.62.tgz 1883ms (cache miss)
2668 http fetch GET 200 https://registry.npmjs.org/async-sema/-/async-sema-3.1.1.tgz 1918ms (cache miss)
2669 http fetch GET 200 https://registry.npmjs.org/acorn-import-attributes/-/acorn-import-attributes-1.9.5.tgz 1974ms (cache miss)
2670 http fetch GET 200 https://registry.npmjs.org/@edge-runtime/node-utils/-/node-utils-2.3.0.tgz 2000ms (cache miss)
2671 http fetch GET 200 https://registry.npmjs.org/estree-walker/-/estree-walker-2.0.2.tgz 1998ms (cache miss)
2672 http fetch GET 200 https://registry.npmjs.org/yauzl-promise/-/yauzl-promise-2.1.3.tgz 2068ms (cache miss)
2673 http fetch GET 200 https://registry.npmjs.org/@rollup/pluginutils/-/pluginutils-5.4.0.tgz 2069ms (cache miss)
2674 http fetch GET 200 https://registry.npmjs.org/uid-promise/-/uid-promise-1.0.0.tgz 2070ms (cache miss)
2675 http fetch GET 200 https://registry.npmjs.org/node-gyp-build/-/node-gyp-build-4.8.4.tgz 2103ms (cache miss)
2676 http fetch GET 200 https://registry.npmjs.org/ajv/-/ajv-8.6.3.tgz 2144ms (cache miss)
2677 http fetch GET 200 https://registry.npmjs.org/picomatch/-/picomatch-4.0.7.tgz 2136ms (cache miss)
2678 http fetch GET 200 https://registry.npmjs.org/tree-kill/-/tree-kill-1.2.2.tgz 2146ms (cache miss)
2679 http fetch GET 200 https://registry.npmjs.org/tinyexec/-/tinyexec-0.3.2.tgz 2153ms (cache miss)
2680 http fetch GET 200 https://registry.npmjs.org/stream-to-promise/-/stream-to-promise-2.2.0.tgz 2238ms (cache miss)
2681 warn deprecated stream-to-promise@2.2.0: Deprecated. Use node:stream/promises and node:stream/consumers instead.
2682 http fetch GET 200 https://registry.npmjs.org/acorn/-/acorn-8.18.0.tgz 2243ms (cache miss)
2683 http fetch GET 200 https://registry.npmjs.org/@mapbox/node-pre-gyp/-/node-pre-gyp-2.0.3.tgz 2256ms (cache miss)
2684 http fetch GET 200 https://registry.npmjs.org/semver/-/semver-7.5.4.tgz 2260ms (cache miss)
2685 http fetch GET 200 https://registry.npmjs.org/node-fetch/-/node-fetch-2.6.7.tgz 2279ms (cache miss)
2686 http fetch GET 200 https://registry.npmjs.org/promisepipe/-/promisepipe-3.0.0.tgz 2315ms (cache miss)
2687 http fetch GET 200 https://registry.npmjs.org/generic-pool/-/generic-pool-3.4.2.tgz 2320ms (cache miss)
2688 http fetch GET 200 https://registry.npmjs.org/micro/-/micro-9.3.5-canary.3.tgz 2332ms (cache miss)
2689 http fetch GET 200 https://registry.npmjs.org/@tootallnate/once/-/once-2.0.0.tgz 2352ms (cache miss)
2690 http fetch GET 200 https://registry.npmjs.org/@vercel/cervel/-/cervel-0.1.70.tgz 2361ms (cache miss)
2691 http fetch GET 200 https://registry.npmjs.org/debug/-/debug-4.3.4.tgz 2385ms (cache miss)
2692 http fetch GET 200 https://registry.npmjs.org/detect-libc/-/detect-libc-2.1.2.tgz 2396ms (cache miss)
2693 http fetch GET 200 https://registry.npmjs.org/xdg-app-paths/-/xdg-app-paths-5.5.1.tgz 2402ms (cache miss)
2694 http fetch GET 200 https://registry.npmjs.org/open/-/open-8.4.0.tgz 2431ms (cache miss)
2695 http fetch GET 200 https://registry.npmjs.org/async-listen/-/async-listen-3.0.0.tgz 2431ms (cache miss)
2696 http fetch GET 200 https://registry.npmjs.org/@napi-rs/keyring/-/keyring-1.2.0.tgz 2449ms (cache miss)
2697 http fetch GET 200 https://registry.npmjs.org/signal-exit/-/signal-exit-4.0.2.tgz 2453ms (cache miss)
2698 http fetch GET 200 https://registry.npmjs.org/throttleit/-/throttleit-2.1.0.tgz 2454ms (cache miss)
2699 http fetch GET 200 https://registry.npmjs.org/oxc-parser/-/oxc-parser-0.121.0.tgz 2476ms (cache miss)
2700 http fetch GET 200 https://registry.npmjs.org/is-buffer/-/is-buffer-2.0.5.tgz 2477ms (cache miss)
2701 http fetch GET 200 https://registry.npmjs.org/is-node-process/-/is-node-process-1.2.0.tgz 2491ms (cache miss)
2702 http fetch GET 200 https://registry.npmjs.org/ms/-/ms-2.1.1.tgz 2548ms (cache miss)
2703 http fetch GET 200 https://registry.npmjs.org/cjs-module-lexer/-/cjs-module-lexer-1.2.3.tgz 2577ms (cache miss)
2704 http fetch GET 200 https://registry.npmjs.org/es-module-lexer/-/es-module-lexer-1.5.0.tgz 2643ms (cache miss)
2705 http fetch GET 200 https://registry.npmjs.org/async-retry/-/async-retry-1.3.3.tgz 2755ms (cache miss)
2706 http fetch GET 200 https://registry.npmjs.org/@vercel/oidc/-/oidc-3.8.9.tgz 2803ms (cache miss)
2707 http fetch GET 200 https://registry.npmjs.org/path-to-regexp/-/path-to-regexp-8.3.0.tgz 2816ms (cache miss)
2708 http fetch GET 200 https://registry.npmjs.org/tsx/-/tsx-4.21.0.tgz 2864ms (cache miss)
2709 http fetch GET 200 https://registry.npmjs.org/oxc-transform/-/oxc-transform-0.111.0.tgz 2849ms (cache miss)
2710 http fetch GET 200 https://registry.npmjs.org/execa/-/execa-3.2.0.tgz 2937ms (cache miss)
2711 http fetch GET 200 https://registry.npmjs.org/rolldown/-/rolldown-1.0.0-rc.1.tgz 2940ms (cache miss)
2712 http fetch GET 200 https://registry.npmjs.org/resolve.exports/-/resolve.exports-2.0.3.tgz 2942ms (cache miss)
2713 http fetch GET 200 https://registry.npmjs.org/fs-extra/-/fs-extra-11.1.0.tgz 2990ms (cache miss)
2714 http fetch GET 200 https://registry.npmjs.org/get-port/-/get-port-5.1.1.tgz 3073ms (cache miss)
2715 http fetch GET 200 https://registry.npmjs.org/@vercel/nft/-/nft-1.10.0.tgz 3096ms (cache miss)
2716 http fetch GET 200 https://registry.npmjs.org/@types/node/-/node-20.11.0.tgz 3145ms (cache miss)
2717 http fetch GET 200 https://registry.npmjs.org/smol-toml/-/smol-toml-1.5.2.tgz 3146ms (cache miss)
2718 http fetch GET 200 https://registry.npmjs.org/@esbuild/android-arm64/-/android-arm64-0.27.0.tgz 3211ms (cache miss)
2719 http fetch GET 200 https://registry.npmjs.org/@vercel/static-config/-/static-config-3.4.3.tgz 3242ms (cache miss)
2720 http fetch GET 200 https://registry.npmjs.org/uuid/-/uuid-14.0.1.tgz 3290ms (cache miss)
2721 http fetch GET 200 https://registry.npmjs.org/jsonc-parser/-/jsonc-parser-3.3.1.tgz 3330ms (cache miss)
2722 http fetch GET 200 https://registry.npmjs.org/chokidar/-/chokidar-4.0.0.tgz 3365ms (cache miss)
2723 http fetch GET 200 https://registry.npmjs.org/esbuild/-/esbuild-0.27.0.tgz 3377ms (cache miss)
2724 http fetch GET 200 https://registry.npmjs.org/srvx/-/srvx-0.11.16.tgz 3402ms (cache miss)
2725 http fetch GET 200 https://registry.npmjs.org/glob/-/glob-13.0.6.tgz 3455ms (cache miss)
2726 http fetch GET 200 https://registry.npmjs.org/jose/-/jose-5.9.6.tgz 3470ms (cache miss)
2727 http fetch GET 200 https://registry.npmjs.org/@vercel/redwood/-/redwood-13.0.1.tgz 3511ms (cache miss)
2728 http fetch GET 200 https://registry.npmjs.org/ts-morph/-/ts-morph-12.0.0.tgz 3580ms (cache miss)
2729 http fetch GET 200 https://registry.npmjs.org/@vercel/ruby/-/ruby-13.0.1.tgz 3571ms (cache miss)
2730 http fetch GET 200 https://registry.npmjs.org/@vercel/remix-builder/-/remix-builder-16.0.1.tgz 3612ms (cache miss)
2731 http fetch GET 200 https://registry.npmjs.org/@vercel/prepare-flags-definitions/-/prepare-flags-definitions-0.3.0.tgz 3694ms (cache miss)
2732 http fetch GET 200 https://registry.npmjs.org/undici/-/undici-5.29.0.tgz 3713ms (cache miss)
2733 http fetch GET 200 https://registry.npmjs.org/stat-mode/-/stat-mode-0.3.0.tgz 3749ms (cache miss)
2734 http fetch GET 200 https://registry.npmjs.org/@vercel/koa/-/koa-11.0.1.tgz 3782ms (cache miss)
2735 http fetch GET 200 https://registry.npmjs.org/@vercel/hydrogen/-/hydrogen-12.0.1.tgz 3833ms (cache miss)
2736 http fetch GET 200 https://registry.npmjs.org/@vercel/hono/-/hono-11.0.1.tgz 3885ms (cache miss)
2737 http fetch GET 200 https://registry.npmjs.org/@vercel/python/-/python-17.0.1.tgz 3899ms (cache miss)
2738 http fetch GET 200 https://registry.npmjs.org/@vercel/h3/-/h3-11.0.1.tgz 3915ms (cache miss)
2739 http fetch GET 200 https://registry.npmjs.org/@vercel/nestjs/-/nestjs-11.0.1.tgz 4006ms (cache miss)
2740 http fetch GET 200 https://registry.npmjs.org/@vercel/fastify/-/fastify-11.0.1.tgz 4019ms (cache miss)
2741 http fetch GET 200 https://registry.npmjs.org/@vercel/node/-/node-16.0.1.tgz 4134ms (cache miss)
2742 http fetch GET 200 https://registry.npmjs.org/@vercel/express/-/express-11.0.1.tgz 4148ms (cache miss)
2743 http fetch GET 200 https://registry.npmjs.org/@vercel/elysia/-/elysia-11.0.1.tgz 4178ms (cache miss)
2744 http fetch GET 200 https://registry.npmjs.org/@vercel/fun/-/fun-1.3.0.tgz 4212ms (cache miss)
2745 http fetch GET 200 https://registry.npmjs.org/@vercel/detect-agent/-/detect-agent-1.2.5.tgz 4319ms (cache miss)
2746 http fetch GET 200 https://registry.npmjs.org/@vercel/cli-config/-/cli-config-0.3.0.tgz 4450ms (cache miss)
2747 http fetch GET 200 https://registry.npmjs.org/zod/-/zod-4.1.11.tgz 4481ms (cache miss)
2748 http fetch GET 200 https://registry.npmjs.org/@vercel/static-build/-/static-build-13.0.1.tgz 4551ms (cache miss)
2749 http fetch GET 200 https://registry.npmjs.org/@vercel/cli-auth/-/cli-auth-0.3.9.tgz 4615ms (cache miss)
2750 http fetch GET 200 https://registry.npmjs.org/picomatch/-/picomatch-2.3.2.tgz 4708ms (cache miss)
2751 http fetch GET 200 https://registry.npmjs.org/@vercel/blob/-/blob-2.8.0.tgz 4717ms (cache miss)
2752 http fetch GET 200 https://registry.npmjs.org/@rolldown/binding-android-arm64/-/binding-android-arm64-1.0.0-rc.1.tgz 4803ms (cache miss)
2753 http fetch GET 200 https://registry.npmjs.org/@vercel/backends/-/backends-11.0.1.tgz 4729ms (cache miss)
2754 http fetch GET 200 https://registry.npmjs.org/picocolors/-/picocolors-1.1.1.tgz 4747ms (cache miss)
2755 http fetch GET 200 https://registry.npmjs.org/xdg-app-paths/-/xdg-app-paths-5.1.0.tgz 4754ms (cache miss)
2756 http fetch GET 200 https://registry.npmjs.org/minimatch/-/minimatch-3.1.5.tgz 4769ms (cache miss)
2757 http fetch GET 200 https://registry.npmjs.org/luxon/-/luxon-3.7.2.tgz 4945ms (cache miss)
2758 http fetch GET 200 https://registry.npmjs.org/lru-cache/-/lru-cache-10.4.3.tgz 4978ms (cache miss)
2759 http fetch GET 200 https://registry.npmjs.org/@vercel/oidc/-/oidc-3.2.0.tgz 4986ms (cache miss)
2760 http fetch GET 200 https://registry.npmjs.org/jose/-/jose-6.2.3.tgz 5016ms (cache miss)
2761 http fetch GET 200 https://registry.npmjs.org/get-stream/-/get-stream-6.0.1.tgz 5063ms (cache miss)
2762 http fetch GET 200 https://registry.npmjs.org/@vercel/container/-/container-11.0.1.tgz 5092ms (cache miss)
2763 http fetch GET 200 https://registry.npmjs.org/signal-exit/-/signal-exit-3.0.7.tgz 5101ms (cache miss)
2764 http fetch GET 200 https://registry.npmjs.org/human-signals/-/human-signals-2.1.0.tgz 5118ms (cache miss)
2765 http fetch GET 200 https://registry.npmjs.org/execa/-/execa-5.1.1.tgz 5124ms (cache miss)
2766 http fetch GET 200 https://registry.npmjs.org/async-listen/-/async-listen-3.0.1.tgz 5127ms (cache miss)
2767 http fetch GET 200 https://registry.npmjs.org/balanced-match/-/balanced-match-4.0.4.tgz 5146ms (cache miss)
2768 http fetch GET 200 https://registry.npmjs.org/once/-/once-1.3.3.tgz 5176ms (cache miss)
2769 http fetch GET 200 https://registry.npmjs.org/lru-cache/-/lru-cache-6.0.0.tgz 5236ms (cache miss)
2770 http fetch GET 200 https://registry.npmjs.org/yallist/-/yallist-4.0.0.tgz 5247ms (cache miss)
2771 http fetch GET 200 https://registry.npmjs.org/end-of-stream/-/end-of-stream-1.1.0.tgz 5273ms (cache miss)
2772 http fetch GET 200 https://registry.npmjs.org/@oxc-project/types/-/types-0.110.0.tgz 5360ms (cache miss)
2773 http fetch GET 200 https://registry.npmjs.org/@vercel/next/-/next-15.0.1.tgz 5390ms (cache miss)
2774 http fetch GET 200 https://registry.npmjs.org/signal-exit/-/signal-exit-3.0.7.tgz 5378ms (cache miss)
2775 http fetch GET 200 https://registry.npmjs.org/human-signals/-/human-signals-2.1.0.tgz 5411ms (cache miss)
2776 http fetch GET 200 https://registry.npmjs.org/brace-expansion/-/brace-expansion-5.0.12.tgz 5419ms (cache miss)
2777 http fetch GET 200 https://registry.npmjs.org/get-stream/-/get-stream-6.0.1.tgz 5439ms (cache miss)
2778 http fetch GET 200 https://registry.npmjs.org/execa/-/execa-5.1.1.tgz 5451ms (cache miss)
2779 http fetch GET 200 https://registry.npmjs.org/semver/-/semver-6.3.1.tgz 5480ms (cache miss)
2780 http fetch GET 200 https://registry.npmjs.org/tar/-/tar-7.5.11.tgz 5539ms (cache miss)
2781 http fetch GET 200 https://registry.npmjs.org/path-to-regexp/-/path-to-regexp-6.1.0.tgz 5505ms (cache miss)
2782 http fetch GET 200 https://registry.npmjs.org/fs-extra/-/fs-extra-11.1.1.tgz 5555ms (cache miss)
2783 http fetch GET 200 https://registry.npmjs.org/signal-exit/-/signal-exit-3.0.7.tgz 5625ms (cache miss)
2784 http fetch GET 200 https://registry.npmjs.org/path-to-regexp/-/path-to-regexp-6.1.0.tgz 5648ms (cache miss)
2785 http fetch GET 200 https://registry.npmjs.org/undici/-/undici-7.30.0.tgz 5660ms (cache miss)
2786 http fetch GET 200 https://registry.npmjs.org/es-module-lexer/-/es-module-lexer-1.4.1.tgz 5680ms (cache miss)
2787 http fetch GET 200 https://registry.npmjs.org/xdg-app-paths/-/xdg-app-paths-5.1.0.tgz 5740ms (cache miss)
2788 http fetch GET 200 https://registry.npmjs.org/async-listen/-/async-listen-1.2.0.tgz 5759ms (cache miss)
2789 http fetch GET 200 https://registry.npmjs.org/sandbox/-/sandbox-4.1.0.tgz 5784ms (cache miss)
2790 http fetch GET 200 https://registry.npmjs.org/minimatch/-/minimatch-10.2.6.tgz 5911ms (cache miss)
2791 http fetch GET 200 https://registry.npmjs.org/path-to-regexp/-/path-to-regexp-8.2.0.tgz 6104ms (cache miss)
2792 http fetch GET 200 https://registry.npmjs.org/zod/-/zod-3.22.4.tgz 6116ms (cache miss)
2793 http fetch GET 200 https://registry.npmjs.org/zod/-/zod-3.22.4.tgz 6171ms (cache miss)
2794 http fetch GET 200 https://registry.npmjs.org/zod/-/zod-3.22.4.tgz 6217ms (cache miss)
2795 http fetch GET 200 https://registry.npmjs.org/smol-toml 6065ms (cache miss)
2796 silly packumentCache corgi:https://registry.npmjs.org/smol-toml set size:undefined disposed:false
2797 http fetch GET 200 https://registry.npmjs.org/@vercel/go/-/go-14.0.1.tgz 6362ms (cache miss)
2798 http fetch GET 200 https://registry.npmjs.org/path-to-regexp 6167ms (cache miss)
2799 silly packumentCache corgi:https://registry.npmjs.org/path-to-regexp set size:undefined disposed:false
2800 http fetch GET 200 https://registry.npmjs.org/@tootallnate%2fonce 6180ms (cache miss)
2801 silly packumentCache corgi:https://registry.npmjs.org/@tootallnate%2fonce set size:undefined disposed:false
2802 http fetch GET 200 https://registry.npmjs.org/zod/-/zod-3.22.4.tgz 6370ms (cache miss)
2803 http fetch GET 200 https://registry.npmjs.org/minimatch 6233ms (cache miss)
2804 silly packumentCache corgi:https://registry.npmjs.org/minimatch set size:undefined disposed:false
2805 http fetch GET 200 https://registry.npmjs.org/tar 6249ms (cache miss)
2806 silly packumentCache corgi:https://registry.npmjs.org/tar set size:undefined disposed:false
2807 http fetch GET 200 https://registry.npmjs.org/js-yaml 6286ms (cache miss)
2808 silly packumentCache corgi:https://registry.npmjs.org/js-yaml set size:undefined disposed:false
2809 http fetch GET 200 https://registry.npmjs.org/node-fetch/-/node-fetch-2.6.9.tgz 6491ms (cache miss)
2810 http fetch GET 200 https://registry.npmjs.org/@vercel/build-utils/-/build-utils-14.13.1.tgz 6513ms (cache miss)
2811 http fetch GET 200 https://registry.npmjs.org/tar/-/tar-7.5.7.tgz 6518ms (cache miss)
2812 warn deprecated tar@7.5.7: Old versions of tar are not supported, and contain widely publicized security vulnerabilities, which have been fixed in the current version. Please update. Support for old versions may be purchased (at exorbitant rates) by contacting i@izs.me
2813 http fetch GET 200 https://registry.npmjs.org/ajv 6374ms (cache miss)
2814 silly packumentCache corgi:https://registry.npmjs.org/ajv set size:undefined disposed:false
2815 http fetch GET 200 https://registry.npmjs.org/undici 6410ms (cache miss)
2816 silly packumentCache corgi:https://registry.npmjs.org/undici set size:undefined disposed:false
2817 silly packumentCache corgi:https://registry.npmjs.org/vercel cache-miss
2818 silly packumentCache corgi:https://registry.npmjs.org/@vercel%2fcontainer cache-miss
2819 silly packumentCache corgi:https://registry.npmjs.org/@vercel%2fpython-analysis cache-miss
2820 silly packumentCache corgi:https://registry.npmjs.org/@vercel%2frust cache-miss
2821 http cache https://registry.npmjs.org/vercel 19ms (cache hit)
2822 silly packumentCache corgi:https://registry.npmjs.org/vercel set size:4764770 disposed:false
2823 http fetch GET 200 https://registry.npmjs.org/@vercel%2fpython-analysis 131ms (cache miss)
2824 silly packumentCache corgi:https://registry.npmjs.org/@vercel%2fpython-analysis set size:undefined disposed:false
2825 http fetch GET 200 https://registry.npmjs.org/@vercel%2fcontainer 132ms (cache miss)
2826 silly packumentCache corgi:https://registry.npmjs.org/@vercel%2fcontainer set size:undefined disposed:false
2827 http fetch GET 200 https://registry.npmjs.org/undici/-/undici-6.29.0.tgz 6869ms (cache miss)
2828 http fetch GET 200 https://registry.npmjs.org/vercel/-/vercel-60.1.3.tgz 6902ms (cache miss)
2829 http fetch GET 200 https://registry.npmjs.org/@vercel%2frust 427ms (cache miss)
2830 silly packumentCache corgi:https://registry.npmjs.org/@vercel%2frust set size:undefined disposed:false
2831 silly packumentCache corgi:https://registry.npmjs.org/@vercel%2fnode cache-miss
2832 http fetch GET 200 https://registry.npmjs.org/@vercel/python-analysis/-/python-analysis-0.14.0.tgz 7494ms (cache miss)
2833 http fetch GET 200 https://registry.npmjs.org/undici/-/undici-5.28.4.tgz 7550ms (cache miss)
2834 http fetch GET 200 https://registry.npmjs.org/typescript/-/typescript-5.9.3.tgz 7715ms (cache miss)
2835 http fetch GET 200 https://registry.npmjs.org/@vercel%2fnode 648ms (cache miss)
2836 silly packumentCache corgi:https://registry.npmjs.org/@vercel%2fnode set size:undefined disposed:false
2837 silly packumentCache corgi:https://registry.npmjs.org/@vercel%2fremix-builder cache-miss
2838 http fetch GET 200 https://registry.npmjs.org/@vercel%2fremix-builder 147ms (cache miss)
2839 silly packumentCache corgi:https://registry.npmjs.org/@vercel%2fremix-builder set size:undefined disposed:false
2840 silly packumentCache corgi:https://registry.npmjs.org/@vercel%2fbackends cache-miss
2841 silly packumentCache corgi:https://registry.npmjs.org/@vercel%2fexpress cache-miss
2842 silly packumentCache corgi:https://registry.npmjs.org/@vercel%2fhono cache-miss
2843 silly packumentCache corgi:https://registry.npmjs.org/@vercel%2ffun cache-miss
2844 http fetch GET 200 https://registry.npmjs.org/@vercel%2fbackends 107ms (cache miss)
2845 silly packumentCache corgi:https://registry.npmjs.org/@vercel%2fbackends set size:undefined disposed:false
2846 http fetch GET 200 https://registry.npmjs.org/@vercel%2ffun 232ms (cache miss)
2847 silly packumentCache corgi:https://registry.npmjs.org/@vercel%2ffun set size:undefined disposed:false
2848 http fetch GET 200 https://registry.npmjs.org/@vercel%2fhono 284ms (cache miss)
2849 silly packumentCache corgi:https://registry.npmjs.org/@vercel%2fhono set size:undefined disposed:false
2850 http fetch GET 200 https://registry.npmjs.org/@vercel%2fexpress 404ms (cache miss)
2851 silly packumentCache corgi:https://registry.npmjs.org/@vercel%2fexpress set size:undefined disposed:false
2852 silly packumentCache corgi:https://registry.npmjs.org/@mapbox%2fnode-pre-gyp cache-miss
2853 http fetch GET 200 https://registry.npmjs.org/@mapbox%2fnode-pre-gyp 106ms (cache miss)
2854 silly packumentCache corgi:https://registry.npmjs.org/@mapbox%2fnode-pre-gyp set size:undefined disposed:false
2855 silly packumentCache corgi:https://registry.npmjs.org/@vercel%2fstatic-config cache-miss
2856 http fetch GET 200 https://registry.npmjs.org/@vercel%2fstatic-config 122ms (cache miss)
2857 silly packumentCache corgi:https://registry.npmjs.org/@vercel%2fstatic-config set size:undefined disposed:false
2858 silly packumentCache corgi:https://registry.npmjs.org/@vercel%2fpython cache-miss
2859 http fetch GET 200 https://registry.npmjs.org/@vercel%2fpython 152ms (cache miss)
2860 silly packumentCache corgi:https://registry.npmjs.org/@vercel%2fpython set size:undefined disposed:false
2861 silly packumentCache corgi:https://registry.npmjs.org/@vercel%2felysia cache-miss
2862 silly packumentCache corgi:https://registry.npmjs.org/@vercel%2ffastify cache-miss
2863 silly packumentCache corgi:https://registry.npmjs.org/@vercel%2fh3 cache-miss
2864 silly packumentCache corgi:https://registry.npmjs.org/@vercel%2fkoa cache-miss
2865 silly packumentCache corgi:https://registry.npmjs.org/@vercel%2fnestjs cache-miss
2866 http fetch GET 200 https://registry.npmjs.org/@vercel%2fh3 408ms (cache miss)
2867 silly packumentCache corgi:https://registry.npmjs.org/@vercel%2fh3 set size:undefined disposed:false
2868 http fetch GET 200 https://registry.npmjs.org/@vercel%2fnestjs 416ms (cache miss)
2869 silly packumentCache corgi:https://registry.npmjs.org/@vercel%2fnestjs set size:undefined disposed:false
2870 http fetch GET 200 https://registry.npmjs.org/@vercel%2felysia 530ms (cache miss)
2871 silly packumentCache corgi:https://registry.npmjs.org/@vercel%2felysia set size:undefined disposed:false
2872 http fetch GET 200 https://registry.npmjs.org/@vercel%2fkoa 631ms (cache miss)
2873 silly packumentCache corgi:https://registry.npmjs.org/@vercel%2fkoa set size:undefined disposed:false
2874 http fetch GET 200 https://registry.npmjs.org/@vercel%2ffastify 656ms (cache miss)
2875 silly packumentCache corgi:https://registry.npmjs.org/@vercel%2ffastify set size:undefined disposed:false
2876 silly packumentCache corgi:https://registry.npmjs.org/@vercel%2fcervel cache-miss
2877 http fetch GET 200 https://registry.npmjs.org/@vercel%2fcervel 293ms (cache miss)
2878 silly packumentCache corgi:https://registry.npmjs.org/@vercel%2fcervel set size:undefined disposed:false
2879 silly packumentCache corgi:https://registry.npmjs.org/@vercel%2fhydrogen cache-miss
2880 silly packumentCache corgi:https://registry.npmjs.org/@vercel%2fredwood cache-miss
2881 silly packumentCache corgi:https://registry.npmjs.org/@vercel%2fstatic-build cache-miss
2882 http fetch GET 200 https://registry.npmjs.org/@vercel%2fhydrogen 196ms (cache miss)
2883 silly packumentCache corgi:https://registry.npmjs.org/@vercel%2fhydrogen set size:undefined disposed:false
2884 http fetch GET 200 https://registry.npmjs.org/@vercel%2fredwood 202ms (cache miss)
2885 silly packumentCache corgi:https://registry.npmjs.org/@vercel%2fredwood set size:undefined disposed:false
2886 http fetch GET 200 https://registry.npmjs.org/@vercel%2fstatic-build 508ms (cache miss)
2887 silly packumentCache corgi:https://registry.npmjs.org/@vercel%2fstatic-build set size:undefined disposed:false
2888 http fetch GET 200 https://registry.npmjs.org/@vercel/rust/-/rust-12.0.1.tgz 10936ms (cache miss)
2889 info run esbuild@0.27.0 postinstall node_modules/esbuild node install.js
2890 info run esbuild@0.27.0 postinstall { code: 0, signal: null }
2891 verbose cwd /data/data/com.termux/files/home
2892 verbose os Linux 6.6.98-android15-8-pe17667d-abogkiS936BXXU9CZDP-4k
2893 verbose node v26.4.0
2894 verbose npm  v11.20.0
2895 verbose exit 1
2896 verbose code 1
